"Celebrity / record name","Page path","Category","Word count","Research reason","Current biography","Replacement content"
"Adam English","/mugshots/adam-english-radio-presenter","Short biography","26","Short biography (25–39 words); consider more career detail. Undated current-role/time-sensitive wording: verify it is still accurate.","Adam is an award winning presenter every weekday from 4pm on Union JACK Radio, Union JACK Rock and Union JACK Dance! Also now into Stand Up.",""
"Adam Kay","/mugshots/adam-kay-comedian","Short biography","31","Short biography (25–39 words); consider more career detail.","Multi-award-winning, multi-million-copy bestselling author of This is Going to Hurt & Twas the Nightshift Before Christmas, editor of Dear NHS and author of kids' books Kay's Anatomy & Kay's Marvellous Medicine.",""
"Ade Adepitan","/mugshots/ade-adepitan-paralympion","Short biography","38","Short biography (25–39 words); consider more career detail.","Adedoyin Olayiwola ""Ade"" Adepitan MBE is a British television presenter and wheelchair basketball player. He uses a wheelchair as a result of contracting polio as a child which led to the loss of use of his left leg.",""
"Ainsley Harriott","/mugshots/ainsley-harriott-presenter-chef","Short biography","26","Short biography (25–39 words); consider more career detail.","Ainsley Harriott is an English chef, television presenter, and entertainer. He is known for his BBC cooking shows Can't Cook, Won't Cook and Ready Steady Cook.",""
"Aled Jones","/mugshots/aled-jones-tv-personality","Editorial review","77","broken/truncated text: ""he has also for his musical theatre performances"" and ""echnicolour Dreamcoat"".","Aled Jones, MBE, is a Welsh singer originally famous for his performance of the cover of 'Walking in the Air' when he was a teenager. Since then, Aled continued to sing and to present radio and television shows. Aled has worked on 'Songs of Praise', Escape to the Country', 'The One Show', and many others. he has also for his musical theatre performances in White Christmas, Chitty Chitty Bang Bang, and Joseph and the Amazing echnicolour Dreamcoat.",""
"Alex Belfield","/mugshots/alex-belfield-vlogger","Editorial review","50","generic praise: ""dynamic personality and sharp wit keep his audience coming back for more"" with no specific credits. Undated current-role/time-sensitive wording: verify it is still accurate.","Alex Belfield is a well-known vlogger and former radio presenter, recognised for his outspoken commentary and engaging video content. He has built a significant following on social media, sharing his unique insights on current events and entertainment. Alex's dynamic personality and sharp wit keep his audience coming back for more.",""
"Amanda Lamb","/mugshots/amanda-lamb-tv-presenter","Short biography","29","Short biography (25–39 words); consider more career detail.","Amanda Lamb is an English television presenter and former model who was notable for presenting A Place in the Sun from 2001 until 2006 and You Deserve This House.",""
"Andy Crane","/mugshots/andy-crane-tv-presenter","Editorial review","53","Undated current-role/time-sensitive wording: verify it is still accurate.","Howard Andrew Andy Crane (usually referred to as Andy Crane) is an English television and radio presenter. Crane is best known for presenting Children's BBC between 1987 and 1990 and for his current work as breakfast presenter on the Bauer City 2 network. In 2019, Andy became the presenter on Greatest Hits Radio.",""
"Andy Hamilton","/mugshots/andy-hamilton-comedian-writer","Very short biography","18","Very short biography (under 25 words); add career highlights.","Andrew Neil Hamilton is a British comedian, game show panellist, television director, comedy screenwriter, radio dramatist, and novelist.",""
"Anna-Jane Casey","/mugshots/anna-jane-cassey-actress","Very short biography","17","Very short biography (under 25 words); add career highlights.","Anna-Jane Casey is an English singer, dancer and actress best known for her work in musical theatre.",""
"Ant Middleton","/mugshots/ant-middleton-tv-personality","Short biography","39","Short biography (25–39 words); consider more career detail.","Anthony Middleton is a British adventurer, writer, television personality and former soldier. He is best known as the former Chief Instructor on the Channel 4 television series SAS: Who Dares Wins, a role he held from 2015 until 2021.",""
"Antony Costa","/mugshots/antony-costa-blue-singer","Editorial review","56","Broken prose (""London n 2007 Antoy"", ""Whle"") and assertion that Blue is no longer active need review.","Antony Costa is an English singer-songwriter famous for his role in the boy band Blue. Costa also acts and was part of a Blood Brothers production in London n 2007 Antoy has also acted in Casualty, Chaulk, and Grange Hill (when he was a boy). Whle Blue isn't active anymore, Costa enjoys a thriving a career.",""
"Barry Hearn","/mugshots/barry-hearn-snooker-chairman","Short biography","38","Short biography (25–39 words); consider more career detail.","Barry Maurice William Hearn is an English sporting events promoter and the founder and chairman of promotions company Matchroom Sport. Through Matchroom, Hearn is also involved in many sports, including pool, tenpin bowling, golf, table tennis and fishing.",""
"Barry McGuigan","/mugshots/barry-mcguigan-boxer","Short biography","35","Short biography (25–39 words); consider more career detail. Undated current-role/time-sensitive wording: verify it is still accurate.","Finbar Patrick McGuigan MBE is an Irish retired professional boxer and current boxing promoter. Born in Clones, County Monaghan, Ireland, McGuigan was nicknamed The Clones Cyclone and became the WBA and lineal featherweight world champion.",""
"Batman","/mugshots/batman-superhero","Identity / non-celebrity review","36","Short biography (25–39 words); consider more career detail. Confirm identity/type first: ambiguous label, fictional character, mascot, object or waxwork.","Batman is a fictional superhero appearing in American comic books published by DC Comics. The character was created by artist Bob Kane and writer Bill Finger, and first appeared in Detective Comics Issue 27, in 1939",""
"Becky Measures","/mugshots/becky-measures-radio-presenter","Editorial review","51","generic praise: ""engaging hosting style"" with no named career credits.","Becky Measures is a popular radio presenter known for her engaging hosting style and connection with listeners. A familiar voice on the airwaves, Becky has a passion for music and storytelling, making her shows both entertaining and heartfelt. Her energy and warmth have won her a loyal audience across the UK.",""
"Ben Adams","/mugshots/ben-adams-a1-singer","Very short biography","20","Very short biography (under 25 words); add career highlights.","Benjamin Edward Stephen Adams is an English singer and songwriter, best known as a member of the boy band a1",""
"Ben Nealon","/mugshots/ben-nealon-actor-obe","Very short biography","19","Very short biography (under 25 words); add career highlights.","Benjamin Nealon OBE is best known for playing 2nd Lt/Lt/Capt Jeremy Forsythe in the ITV award-winning series Soldier Soldier.",""
"Bernie Clifton","/mugshots/bernie-clifton-entertainer","Editorial review","47","Undated current-role/time-sensitive wording: verify it is still accurate.","Born in St Helens, Lancashire, he began his career singing with a Gleenogs dance band before working the pubs and clubs, doing shows in Blackpool and then progressing on to television appearing on Crackerjack on the BBC in the 1970s. Now a presenter on BBC Radio Sheffield.",""
"Bev Bevan","/mugshots/bev-beven-elo-singer","Short biography","36","Short biography (25–39 words); consider more career detail.","Beverley Bevan is an English rock musician, who was the drummer and one of the original members of The Move and Electric Light Orchestra. After the end of ELO in 1986, he founded ELO Part II.",""
"Big John Harrison","/mugshots/big-john-harrison-radio-presenter","Short biography","33","Short biography (25–39 words); consider more career detail.","Big John Harrison is the larger-than-life voice of mornings on Hallam FM. With years of breakfast show brilliance under his belt, he’s a firm favourite for laughs and local love across South Yorkshire.",""
"Big Sean","/mugshots/big-shaun-musician","Editorial review","41","evident wrong subject: Biography describes ""The Everly Pregnant Brothers"" band instead of the individual Big Sean.","The Everly Pregnant Brothers are a power house of parody fuelled on best bitter, pork pies and raucous gigs. They regularly play to sell out crowds in their native south yorkshire and are rapidly growing a cult following far and wide.",""
"Brendan Rodgers","/mugshots/brendan-rodgers-leicester-city-manager","Very short biography","22","Very short biography (under 25 words); add career highlights.","Brendan Rodgers is a Northern Irish professional football manager and former player who is the manager of Premier League club Leicester City.",""
"Brendon O'Carroll","/mugshots/brendan-o-carroll-actor-mrs-brown","Short biography","33","Short biography (25–39 words); consider more career detail.","Brendan O Carroll is an Irish writer, producer, comedian, actor, and director, best known for portraying foul-mouthed matriarch Agnes Brown on stage, and in the BBC and RTÉ television sitcom Mrs. Browns Boys.",""
"Brian Conley","/mugshots/brian-conley-comedian","Short biography","39","Short biography (25–39 words); consider more career detail.","Brian Paul Conley is an English comedian, television presenter, singer and actor. As a presenter he is arguably best known as the host of The Brian Conley Show, as well as presenting the Royal Variety Performance on eight occasions.",""
"Bruno Tonioli","/mugshots/bruno-tonioli-dancer","Short biography","38","Short biography (25–39 words); consider more career detail.","Bruno Tonioli is an Italian choreographer, dancer, and TV personality. He appears as a judge on the British television dance competition Strictly Come Dancing and its American adaptation Dancing with the Stars on ABC TV in the US.",""
"Calum Lil","/mugshots/calum-lil-actor","Editorial review","57","generic praise: ""Actor Calum Lil brings charisma to every role"" with no named career credits.","Actor Calum Lil brings charisma to every role — whether on screen or stage, he’s known for his sharp comedic timing and expressive presence. Sporting a bit of stage makeup in this snap, he looks ready to deliver a performance full of flair and festive cheer. Keep an eye out — with that grin, he’s going places.",""
"Calvin Moyo","/mugshots/calvin-moyo-boxer","Short biography","26","Short biography (25–39 words); consider more career detail. generic praise: ""up-and-coming boxer with a promising future"" with no named career credits.","Calvin Moyo is an up-and-coming boxer with a promising future. Representing the next generation of British boxing, he brings discipline, speed, and power to every fight.",""
"Captain Sensible","/mugshots/captain-sensible-singer","Short biography","32","Short biography (25–39 words); consider more career detail.","Raymond Ian Burns, known by the stage name Captain Sensible, is an English singer, songwriter and guitarist. Sensible co-founded the punk rock band The Damned, originally playing bass before switching to guitar.",""
"Catherine Tyldesley","/mugshots/catherine-tyldesley-actor","Short biography","32","Short biography (25–39 words); consider more career detail.","From Coronation Street to Strictly, Catherine Tyldesley shines on screen and stage. Her Santa Radio MugShot 🎅✨ captures her glamorous Christmas spirit – and yes, she makes holding a mug look fabulous.",""
"Cherry Bear","/mugshots/cherry-bear-mascot","Identity / non-celebrity review","19","Very short biography (under 25 words); add career highlights. Confirm identity/type first: ambiguous label, fictional character, mascot, object or waxwork.","AFC Bournemouth's mascot Cherry Bear is responsible for one of the longest running sponsorship deals in the club's history.",""
"Chris Chittell","/mugshots/chris-chittell-emmerdale-actor","Short biography","39","Short biography (25–39 words); consider more career detail. Undated current-role/time-sensitive wording: verify it is still accurate.","Christopher John Chittell is an English actor, best known for his role as Eric Pollard in ITV's Emmerdale, a part that he has played since 1986. and is now the longest serving character having played Pollard for 32 years.",""
"Chris Smith","/mugshots/chris-smith-radio-presenter","Short biography","34","Short biography (25–39 words); consider more career detail.","Christopher Smith, known professionally as Chris Smith, is an English radio newsreader. He is most famous for presenting Newsbeat on BBC Radio 1 and co-hosting the That's What He Said Podcast alongside Greg James.",""
"Chris Walker","/mugshots/chris-walker-actor","Short biography","29","Short biography (25–39 words); consider more career detail.","Christopher Walker is an English actor, known for his roles as Matthew Mullen in the BBC drama Playing the Field and Rob Hollins in the BBC soap opera Doctors.",""
"Chris Wilder","/mugshots/chris-wilder-sheffield-united-manager","Short biography","29","Short biography (25–39 words); consider more career detail. Undated current-role/time-sensitive wording: verify it is still accurate.","Christopher John Wilder is an English professional football manager and former player who played as a right-back. He was most recently the manager of EFL Championship club Sheffield United.",""
"Chrissie Wunna","/mugshots/chrissie-wunna-actress","Editorial review","51","Undated current-role/time-sensitive wording: verify it is still accurate.","A British-South East Asian, Award Winning Film Actress & TV Personality. Currently a regular lunchmate on BAFTA nominated Daytime TV show 'Steph's Packed Lunch' Channel 4. Wunna also celebrated 4 films at the Cannes Film Festival in 2022 & her credits include MTV, ITV, Netflix, Channel 4, BBC & Amazon Prime.",""
"Claudia Winkleman","/mugshots/claudia-winkleman-presenter","Short biography","28","Short biography (25–39 words); consider more career detail.","Claudia Anne Winkleman is an English television presenter, model, film critic, radio personality, and journalist. Between 2004 and 2010, she Co presents Strictly Come Dancing on BBC 1.",""
"Cliff Richard","/mugshots/cliff-richard-singer","Short biography","39","Short biography (25–39 words); consider more career detail.","Sir Cliff Richard OBE is an English singer, musician, actor, and philanthropist who holds both British and Barbadian citizenship. He has sold more than 250 million records worldwide, making him one of the best-selling music artists of all time.",""
"Clinton Baptiste","/mugshots/clinton-baptise-psychic","Short biography","32","Short biography (25–39 words); consider more career detail.","Alex Lowe is an English actor, comedian and voice artist. He is the creator and performer behind the character Clinton Baptiste, originally seen in Phoenix Nights, as whom he has since toured.",""
"Colin Patterson","/mugshots/colin-patterson-bbc","Short biography","30","Short biography (25–39 words); consider more career detail.","Colin Paterson is a Scottish journalist and broadcaster who is an Arts and Entertainment correspondent for the BBC and has been a presenter and reporter on BBC Three's Liquid News.",""
"Colson Smith","/mugshots/colson-smith-actor","Short biography","26","Short biography (25–39 words); consider more career detail.","Colson Smith, Actor: Coronation Street. Colson Smith was born on August 13, 1998 in Castleford, Dorset, England. He is known for his work on Coronation Street",""
"Craig Gazey","/mugshots/craig-gazey-actor","Very short biography","23","Very short biography (under 25 words); add career highlights.","Craig Gazey is a British stage and television actor, best known for his portrayal of Graeme Proctor in the ITV soap Coronation Street.",""
"Daisy Wood-Davis","/mugshots/daisy-wood-davis-actress","Short biography","37","Short biography (25–39 words); consider more career detail.","Daisy Wood-Davis is a British singer and actress. She originally comes from Bromley, south east London. Wood-Davis started her career at an early age in various professional shows and has signed a record deal with Universal Music",""
"Damian Williams","/mugshots/damian-williams-actor","Very short biography","23","Very short biography (under 25 words); add career highlights.","Essex By The Sea Actor . Shouts for money . Whiff in series 1&2 of Andy & The Band. Pictured with Paul Hendy",""
"Dan Gillespie","/mugshots/dan-gillespie-the-felling-singer","Short biography","25","Short biography (25–39 words); consider more career detail.","Daniel Giles Gillespie Sells is an English singer-songwriter and guitarist, best known as being the lead vocalist and frontman for the rock group The Feeling.",""
"Dan Walker","/mugshots/dan-walker-bbc-breakfast","Very short biography","23","Very short biography (under 25 words); add career highlights.","Daniel Meirion Walker is an English journalist and television presenter, best known for presenting BBC television programmes including Football Focus and BBC Breakfast.",""
"Darius Campbell","/mugshots/darius-campbell-singer","Editorial review","62","Undated current-role/time-sensitive wording: verify it is still accurate.","Darius Campbell-Danesh is usually simply known as Darious. He is a Scottish singer, songwriter, musician, and sometime actor. Darius first became famous for taking part in the TV talent show Pop Idol and winning the Popstar to Operastar contest in 2010/11. Darius is currently an ambassador for The Prince's Trust and he played Billy Flynn in the West End's production of Chicago.",""
"Dave Allen","/mugshots/dave-allen-boxer","Editorial review","84","Undated current-role/time-sensitive wording: verify it is still accurate.","Dave ""White Rhino"" Allen, born on March 21, 1992, in Doncaster, England, is a British heavyweight boxer known for his resilience and entertaining style. He boasts a notable victory over former WBA champion Lucas Browne via a third-round knockout in 2019. Allen has sparred with legends like Tyson Fury and Anthony Joshua, earning respect inside and outside the ring. Now part of the Santa Radio MugShots 🎄 collection, Dave shares his festive cheer with fans. See him proudly holding the iconic Santa Radio mug!",""
"Dave Vitty","/mugshots/dave-vitty-comedian","Short biography","31","Short biography (25–39 words); consider more career detail.","David Lloyd Vitty is a radio presenter working in the UK. He worked alongside Chris Moyles at BBC Radio 1, having originally been a broadcast assistant on Moyles' early morning show.",""
"David Baddiel","/mugshots/david-baddiel-comedian","Short biography","30","Short biography (25–39 words); consider more career detail.","David Lionel Baddiel is an English comedian, novelist and television presenter. He is known for his work alongside Rob Newman in The Mary Whitehouse Experience and partnership with Frank Skinner.",""
"David Brooks","/mugshots/david-brookes-bournemouth-footballer","Short biography","38","Short biography (25–39 words); consider more career detail.","David Robert Brooks is a professional footballer who plays as a midfielder for Premier League club AFC Bournemouth. He has played for both Wales and England at youth level before making his senior debut for Wales in 2017.",""
"David Davies","/mugshots/david-davies-former-executive-director-of-fa","Short biography","34","Short biography (25–39 words); consider more career detail.","David Davies OBE is a British broadcaster and consultant, formerly the Executive Director of The Football Association in England. He is a regular contributor to BBC News television and radio programmes and other networks.",""
"David Diamante","/mugshots/david-diamante-boxing-commentator","Very short biography","24","Very short biography (under 25 words); add career highlights.","David Diamante is an American ring announcer. A popular ring announcer with DAZN, Diamante has been coined ""The Voice of Boxing"" by BBC Sport.",""
"David Dimbleby","/mugshots/david-dimbleby-bbc-television","Editorial review","72","Undated current-role/time-sensitive wording: verify it is still accurate.","David Dimbleby is a widely respected British journalist and television presenter, best known for hosting the BBC’s flagship political debate programme Question Time. Renowned for his sharp, steady moderation, he guided live discussions between politicians, journalists, celebrities and the public, keeping debates focused and on track. Dimbleby spent decades presenting major current affairs and political broadcasts for the BBC. In 2018, he stepped down from Question Time, with Fiona Bruce succeeding him.",""
"David Dixon","/mugshots/dixie-heart-yorkshire","Editorial review","48","dominated by generic praise with no named career credits: ""friendly voice and engaging style""","David Dixon is a popular radio presenter on Heart Yorkshire, known for his friendly voice and engaging style that keeps listeners entertained across the region. A trusted name on the airwaves, David’s passion for music and connection with his audience have made him a favourite among Heart listeners.",""
"David Mitchell","/mugshots/david-mitchell-comedian","Short biography","39","Short biography (25–39 words); consider more career detail.","David Mitchell is a comedian, actor, writer and television presenter. He is half of the comedy duo Mitchell and Webb, alongside Robert Webb. The duo starred in the Channel 4 sitcom Peep Show, in which Mitchell plays Mark Corrigan.",""
"David Moyes","/mugshots/david-moyes-west-ham-manager","Editorial review","43","Undated current-role/time-sensitive wording: verify it is still accurate.","David William Moyes is a Scottish professional football coach and former player. He is currently the manager of Premier League club West Ham United. He was previously the manager of Preston North End, Everton, Manchester United, La Liga club Real Sociedad and Sunderland.",""
"Dene Michaels","/mugshots/dene-michaels-singer","Short biography","28","Short biography (25–39 words); consider more career detail.","Black Lace is a British pop band, best known for novelty party records, including their biggest hit, ""Agadoo"". the UK based part-time band, featuring ex member Dene Michael.",""
"Dennis Taylor","/mugshots/dennis-taylor-steve-davis-snooker-player","Editorial review","49","Undated current-role/time-sensitive wording: verify it is still accurate.","Dennis Taylor is a retired professional snooker player and current BBC snooker commentator. Winner of two ranking events, he is best known for winning the 1985 World Championship, beating World number one Steve Davis on the final black in one of the sport's most memorable finals. (pictured here also)",""
"Dermot O Leary","/mugshots/dermot-o-leary-radio-presenter","Very short biography","18","Very short biography (under 25 words); add career highlights. Undated current-role/time-sensitive wording: verify it is still accurate.","Sean Dermot Fintan O'Leary Jr is an English broadcaster who currently works for ITV and BBC Radio 2.",""
"Dolly Rose Campbell","/mugshots/dolly-rose-campbell-actress","Short biography","32","Short biography (25–39 words); consider more career detail.","Dolly-Rose Campbell is an English actress, who has played Gemma Winter on the ITV soap opera Coronation Street since 2014. The most famous of her storylines was Gemma giving birth to quadruplets.",""
"Dominic Byrne","/mugshots/dominic-byrne-radio-presenter","Editorial review","78","dominated by generic praise with no named career credits: ""sharp humour and easy banter""","Dominic Byrne is a well-known UK radio presenter best recognised for his long-running role on The Chris Moyles Show on BBC Radio 1, where his sharp humour and easy banter made him a favourite with listeners. He later reunited with Moyles on Radio X, continuing their popular on-air partnership. Alongside radio, Dominic has taken on various entertainment projects, demonstrating his versatility. His warm personality and comic timing have made him a respected and much-loved figure in British broadcasting.",""
"Dominic Dale","/mugshots/dominic-dale-snooker-player","Short biography","36","Short biography (25–39 words); consider more career detail.","Dominic Dale is a Welsh professional snooker player and occasional snooker commentator and presenter for the BBC. He is often referred to by commentators as the greatest player never to have been in the top 16.",""
"Duncan Wood and Christine Talbot","/mugshots/duncan-wood-and-christine-talbot-tv-presenters","Short biography","37","Short biography (25–39 words); consider more career detail.","The famous former presenting trio who graced ITV Calendar viewers screens for almost two decades reunited for some “exciting new projects' ' as they shared what they have been up to since leaving the popular news channel.",""
"Ellie Colton","/mugshots/ellie-colton-radio-presenter","Editorial review","45","dominated by generic praise with no named career credits: ""quick wit and infectious energy""","Ellie Colton is a vibrant and talented radio presenter known for her quick wit and infectious energy on the airwaves. As a rising star in the world of broadcasting, Ellie’s passion for music and connecting with her audience has made her a favourite among listeners.",""
"Emily Atack","/mugshots/emily-atack-actress","Short biography","27","Short biography (25–39 words); consider more career detail.","Emily Jane Atack is an English actress, comedian, impressionist and television personality. She is best known for playing Charlotte Hinchcliffe on the E4 comedy series The Inbetweeners",""
"Everal A Walsh","/mugshots/everal-a-walsh-actor","Short biography","29","Short biography (25–39 words); consider more career detail.","Everal A. Walsh is a British actor. Working at the National Theatre including Amadeus on television and film including 2019 Movie The Favourite alongside Olivia Coleman and Emma Stone.",""
"Father Christmas","/mugshots/santa-father-christmas","Identity / non-celebrity review","51","Confirm identity/type first: ambiguous label, fictional character, mascot, object or waxwork.","Santa Claus, also known as Father Christmas, Saint Nicholas, Saint Nick, Kris Kringle, or simply Santa, is a legendary character originating in Western Christian culture who is said to bring children gifts on Christmas Eve of toys and candy or coal or nothing, depending on whether they are ""naughty or nice"".",""
"Faye Tozer","/mugshots/faye-tozer-singer-dancer","Short biography","26","Short biography (25–39 words); consider more career detail.","Faye Louise Tozer is an English singer-songwriter, dancer and stage actress, famous for being one of the three female co-lead singers of British pop group Steps.",""
"Frank Skinner","/mugshots/frank-skinner-comedian","Short biography","26","Short biography (25–39 words); consider more career detail.","Frank Skinner is an writer, comedian, TV and radio presenter, and actor. At the 2001 British Comedy Awards, he was awarded the Best Comedy Entertainment Personality.",""
"Freddie 'Parrot Face' Davies","/mugshots/freddie-parrot-face-davies-comedian","Short biography","29","Short biography (25–39 words); consider more career detail.","Freddie Davies is a British comedian and actor who achieved fame in 1964 via the television programme Opportunity Knocks and has since appeared in several television series and films.",""
"Gareth Southgate","/mugshots/gareth-southgate-england-football-manager","Short biography","30","Short biography (25–39 words); consider more career detail.","Gareth Southgate OBE is an English football manager and former player who played as a defender and midfielder. He has been the manager of the England national team since 2016.",""
"Gary O Neil","/mugshots/gary-o-neil-football-manager","Editorial review","43","Undated current-role/time-sensitive wording: verify it is still accurate.","Gary Paul O'Neil is an English former professional football midfielder and the current manager of Premier League club AFC Bournemouth. O'Neil has previously played for Portsmouth, Walsall, Cardiff City, Middlesbrough, West Ham United, Queens Park Rangers, Norwich City, Bristol City and Bolton Wanderers.",""
"Gayle Lofthouse","/mugshots/gayle-lofthouse-radio-presenter","Editorial review","51","dominated by generic praise with no named career credits: ""dynamic and engaging presence""","Gayle Lofthouse is a talented radio presenter known for her dynamic and engaging presence on air. With a career spanning various radio stations, Gayle's energetic style and relatable personality have made her a favourite among listeners. Her ability to connect with her audience ensures her shows are always entertaining and memorable.",""
"George Sampson","/mugshots/george-sampson-actor","Very short biography","9","Very short biography (under 25 words); add career highlights. broken/truncated text: ""Currently playing Dean in @Jamiemusical tour. All links below"" Undated current-role/time-sensitive wording: verify it is still accurate.","Currently playing Dean in @Jamiemusical tour. All links below",""
"Gok Wan","/mugshots/gok-wan-tv-personality","Very short biography","21","Very short biography (under 25 words); add career highlights.","Kowkhyn Wan MBE, known as Gok Wan, is a British fashion consultant, author, television presenter, actor, DJ, chef and event manager.",""
"Gracie Malloy","/mugshots/gracie-malloy-singer","Very short biography","18","Very short biography (under 25 words); add career highlights.","Grace Malloy is a new music star singer & busker from Sheffield. As heard on BBC local radio.",""
"Graeme Garden","/mugshots/graeme-garden-comedian","Short biography","35","Short biography (25–39 words); consider more career detail.","David Graeme Garden OBE is a British comedian, actor, author, artist and television presenter, best known as a member of The Goodies and for being a cast member on I'm Sorry I Haven't a Clue.",""
"Graziano Prima","/mugshots/graziano-prima-dancer","Very short biography","16","Very short biography (under 25 words); add career highlights.","Graziano Di Prima is an Italian dancer and choreographer. Known for Pro dancer onStrictly come dancing.",""
"Greg James","/mugshots/greg-james-radio-presenter-dj","Short biography","34","Short biography (25–39 words); consider more career detail.","Gregory James Alan Milward is an English radio DJ, television presenter and author. He hosts The Radio 1 Breakfast Show on BBC Radio 1 and co-presents the BBC television series Sounds Like Friday Night.",""
"Gwyneth Strong","/mugshots/gwyneth-strong-actress","Short biography","31","Short biography (25–39 words); consider more career detail.","Gwyneth Strong is an English actress. She is best known for her role in the BBC sitcom Only Fools and Horses as Cassandra, the love interest and, later, wife of Rodney.",""
"Harry Gration","/mugshots/harry-gration-presenter","Short biography","27","Short biography (25–39 words); consider more career detail.","Harry Gration, MBE is an English journalist and broadcaster in Leeds. He is one of the main anchors for the BBC Yorkshire regional magazine programme Look North.",""
"Hayley Mills","/mugshots/hayley-mills-actress","Short biography","34","Short biography (25–39 words); consider more career detail.","Hayley Catherine Rose Vivien Mills is an English actress. The daughter of Sir John Mills and Mary Hayley Bell, and younger sister of actress Juliet Mills, she began her acting career as a child",""
"Howard Middleton","/mugshots/howard-middeton-great-british-bake-off","Short biography","31","Short biography (25–39 words); consider more career detail.","Howard Middleton is an amateur chef and baker from Sheffield, Yorkshire, United Kingdom. Howard was a contestant on The Great British Bake Off Season 4 where he left on episode 6.",""
"Hugh Bonneville","/mugshots/hugh-bonneville-actor","Short biography","34","Short biography (25–39 words); consider more career detail.","Hugh Richard Bonneville Williams DL is an English actor. He is best known for portraying Robert Crawley, Earl of Grantham, in the ITV historical drama series Downton Abbey. New book: Playing under my Piano.",""
"Iain Stirling","/mugshots/iain-stirling-love-island-voice","Very short biography","13","Very short biography (under 25 words); add career highlights.","Iain Andrew Stirling is a comedian, writer and television presenter from Edinburgh, Scotland.",""
"Ian Waite","/mugshots/ian-waite-dancer","Very short biography","15","Very short biography (under 25 words); add career highlights.","Ian Waite is a professional dancer specialising in Latin American dance, a teacher and choreographer.",""
"Isabel Hodgins","/mugshots/isabel-hodgins-actress","Editorial review","42","Undated current-role/time-sensitive wording: verify it is still accurate.","Isabel Victoria Hodgins is an English actress. She is best known for portraying the current character, Victoria Sugden, in the ITV soap opera Emmerdale, since 2006. The character of Victoria was born in 1994 and has remained in the show ever since",""
"Jack Dee","/mugshots/jack-dee-comedian","Editorial review","75","evident wrong subject: biography describes Jason Tindall's career in football, not the comedian Jack Dee","Jason Tindall is a British football coach and former defender best known for his long association with AFC Bournemouth. After playing for the club in the 1990s, he moved into coaching and became Eddie Howe’s trusted assistant, helping guide Bournemouth from the lower leagues to the Premier League. Tindall took over as manager in 2020 before leaving the role in early 2021. With decades of experience, he remains a respected figure in English football coaching.",""
"Jacqui Abbot","/mugshots/jacqui-abbot-beautiful-south-singer","Short biography","37","Short biography (25–39 words); consider more career detail.","Jacqueline ""Jacqui"" Abbott is a British singer who was the female vocalist with the band The Beautiful South from 1994 to 2000, following the departure of Briana Corrigan. With Abbott, the band released several Top 10 singles.",""
"James Acaster","/mugshots/james-acaster-comedian","Short biography","37","Short biography (25–39 words); consider more career detail. Undated current-role/time-sensitive wording: verify it is still accurate.","James William Acaster is an English comedian originally from Kettering, Northamptonshire, who now lives in London. He has performed for several consecutive years at the Edinburgh Festival Fringe and has been nominated for Best Show five times.",""
"James and Robin","/mugshots/james-and-robin-grumbleweeds","Short biography","39","Short biography (25–39 words); consider more career detail.","The Grumbleweeds are an award winning British comedy band, performing music and comedy. They were mostly popular on radio and television in the 1980s, including The Grumbleweeds Radio Show which ran from 1979 to 1988 on BBC Radio 2.",""
"James Burrows","/mugshots/james-burrows-actor","Very short biography","8","Very short biography (under 25 words); add career highlights.","Actor from Derby represented by Curtis brown London",""
"James Quinn","/mugshots/james-quinn-actor","Very short biography","12","Very short biography (under 25 words); add career highlights.","Actor, Writer, Voice Over Artist. Matchday commentator for FC United's FCUM Radio.",""
"James Redmond","/mugshots/james-redmond-actor","Short biography","27","Short biography (25–39 words); consider more career detail.","James William Forbes Redmond is an English actor, presenter, stand-up comedian and model, known for his roles as Abs Denham in Casualty and Rory Finnigan in Hollyoaks.",""
"Jamie Borthwick","/mugshots/jamie-borthwick-actor","Short biography","37","Short biography (25–39 words); consider more career detail.","Jamie Borthwick is best known for playing Jay Brown in EastEnders, a role he has held since 2006. Over the years, he’s become a familiar face in British soap, with award-winning performances covering complex and emotional storylines.",""
"Jamie Lomas","/mugshots/jamie-lomas-actor","Short biography","32","Short biography (25–39 words); consider more career detail.","James Lomas is an English television actor, known for his roles as Warren Fox in Hollyoaks and Jake Stone in EastEnders and Jeff Durkin in Coronation Street. Lomas was born in Manchester.",""
"Jamie Vardy","/mugshots/jamie-vardy-leicester-city-england-footballer","Short biography","28","Short biography (25–39 words); consider more career detail.","Jamie Richard Vardy is an English professional footballer who plays as a striker for Premier League club Leicester City. Vardy has also played for the England national team.",""
"Janette Manrara","/mugshots/janette-manara-dancer","Short biography","30","Short biography (25–39 words); consider more career detail.","Janette Manrara is an American professional dancer and choreographer from Miami, Florida. Originally a Salsa dancer, learning from her Cuban family, she formally studied dance from the age of 19",""
"Jason Donovan","/mugshots/jason-donovan-actor-singer","Short biography","39","Short biography (25–39 words); consider more career detail.","Jason Sean Donovan is an Australian actor and singer. He initially achieved fame in the Australian soap Neighbours, playing Scott Robinson, before beginning a career in music in 1988. In the UK he has sold over 3 million records.",""
"Jason Mohammad","/mugshots/jason-mohammed-bbc-sport","Short biography","28","Short biography (25–39 words); consider more career detail. Undated current-role/time-sensitive wording: verify it is still accurate.","Jason Mohammad is a Welsh radio and television presenter currently working for the BBC. He is the current host of Final Score on BBC One on Saturday afternoons.",""
"Jeff Mostyn","/mugshots/jeff-mostyn-bournemouth-fc-chairman","Very short biography","12","Very short biography (under 25 words); add career highlights.","Chairman of AFC Bournemouth. Number 1 Passion My Family, Friends & Football",""
"Jemma Lucy","/mugshots/jemma-lucy-reality-star","Short biography","26","Short biography (25–39 words); consider more career detail.","Jemma Lucy is a British reality television personality and glamour model, best known for her role in Ex on the Beach series 3 and series 5.",""
"Jennifer Gibney","/mugshots/jennifer-gibney-mrs-browns-boys-actress","Short biography","39","Short biography (25–39 words); consider more career detail.","Jennifer Gibney is an Irish actress, best known for playing Cathy Brown in the BBC television sitcom, Mrs. Brown's Boys. Gibney appears in Mrs. Brown's Boys as the daughter of Agnes Brown, played by her real-life husband, Brendan O'Carroll.",""
"Jeremy Kyle","/mugshots/jeremy-kyle-tv-personality","Editorial review","54","Undated current-role/time-sensitive wording: verify it is still accurate.","Jeremy Kyle is a renowned British TV personality and presenter, best known for hosting The Jeremy Kyle Show. His direct approach and engaging presence have made him a recognisable figure on UK television. Now part of the Santa Radio MugShots collection, Jeremy shows his lighter, festive side while holding the iconic Santa Radio mug.",""
"Jeremy Vine","/mugshots/jeremy-vine-radio-presenter","Short biography","33","Short biography (25–39 words); consider more career detail.","Jeremy Vine is a veteran broadcaster and journalist, best known for his thought-provoking radio show and his time on BBC Radio 2. He mixes news, interviews and listener interaction with style and wit.",""
"Jermaine Jenus","/mugshots/jermaine-jenus-footballer","Very short biography","14","Very short biography (under 25 words); add career highlights.","Jermaine Anthony Jenas is an English television presenter, football pundit and retired professional footballer.",""
"Jessica Forrester","/mugshots/jessica-forrester-tv-personality","Editorial review","56","dominated by generic praise with no named career credits: ""clear, approachable presenting style""","Jessica Forrester is a television presenter best known for her work on Cash in the Attic, where she helps homeowners uncover hidden treasures and learn the stories behind their antiques. Her clear, approachable presenting style and genuine enthusiasm for finding value in unexpected places have made her a familiar face to fans of the long-running series.",""
"Jez Edwards","/mugshots/jez-edwards-tv-presenter","Short biography","33","Short biography (25–39 words); consider more career detail.","Jez Edwards is a British actor best known for his work in advertising, presenting, and acting in series such as Coronation Street and ChuckleVision. He voices Cormac in the British dub of Chuggington.",""
"Jimmy Cricket","/mugshots/jimmy-cricket-comedian","Short biography","32","Short biography (25–39 words); consider more career detail.","James Mulgrew, known professionally as Jimmy Cricket, is an Irish comedian. He first came to prominence as a comedian in the 1970s and has had his own shows on television and radio.",""
"Jimmy White","/mugshots/jimmy-white-snooker-player","Very short biography","18","Very short biography (under 25 words); add career highlights. Undated current-role/time-sensitive wording: verify it is still accurate.","James Warren White, MBE is an English professional snooker player who now competes with an invitational tour card.",""
"Joanne Clifton","/mugshots/joanne-clifton-dancer","Short biography","31","Short biography (25–39 words); consider more career detail.","Joanne Clifton, is a British professional dancer, presenter, actress, and singer. She won the World Ballroom Showdance Championship in 2013, and won the European Professional Ballroom Championship and World Dancesport Games.",""
"Joe McFadden","/mugshots/joe-mc-fadden-singer","Short biography","38","Short biography (25–39 words); consider more career detail.","Joe McFadden is a Scottish actor known for his roles in The Crow Road, Chips & Rock n' Roll, Heartbeat and Holby City. Joe won the 2017 series of BBC's Strictly Come Dancing with dance partner Katya Jones.",""
"Joe Tasker and Harpz Kaur","/mugshots/joe-tasker-and-harpz-kaur-tv-presenter","Very short biography","16","Very short biography (under 25 words); add career highlights.","Asian Network’s Harpz Kaur and YouTuber Joe Tasker are the new presenters of CBBC's Saturday Mash-Up!",""
"Joel Ross","/mugshots/joel-ross-radio-presenter","Short biography","29","Short biography (25–39 words); consider more career detail. Undated current-role/time-sensitive wording: verify it is still accurate.","Joel Ross is a multi award winning British radio DJ and television presenter. He has worked with a co-host Jason King. He currently presents the Rock FM Breakfast Show.",""
"Johannes Radebe","/mugshots/johannes-radebe-dancer","Very short biography","18","Very short biography (under 25 words); add career highlights. Undated current-role/time-sensitive wording: verify it is still accurate.","Johannes Radebe is a South African dancer and choreographer. Now a pro dancer on Strictly on the BBC.",""
"John Challis","/mugshots/john-challis-actor","Short biography","32","Short biography (25–39 words); consider more career detail.","John Spurley Challis is an English actor best known for portraying Aubrey ""Boycie"" Boyce in the long-running BBC television comedy series Only Fools and Horses and its sequel/spin-off The Green Green Grass.",""
"John Maguire","/mugshots/john-maguire-tv-reporter","Editorial review","70","Undated current-role/time-sensitive wording: verify it is still accurate.","John Maguire is a British broadcast journalist and television reporter best known for his work with ITV News. Based in the North of England, he has reported on a wide range of major national and regional stories, often appearing on programmes such as ITV News at Ten and Good Morning Britain. Maguire has built a reputation as a trusted correspondent covering politics, current affairs and breaking news across the UK.",""
"John Marquez","/mugshots/john-marquez-actor","Short biography","34","Short biography (25–39 words); consider more career detail.","John Charles Marquez is a British actor and cinematographer, best known for his role as PC Joe Penhale in ITV drama series Doc Martin and Ray Wilson in BBC One's drama In The Club.",""
"John Parrott","/mugshots/john-parrott-snooker-player","Short biography","38","Short biography (25–39 words); consider more career detail.","John Parrott, MBE is an English former professional snooker player and television personality, remembered as one of the best players in the early 1990s. Parrott won the World Snooker Championship in 1991, defeating Jimmy White in the final.",""
"John Partridge","/mugshots/john-partridge-actor","Short biography","38","Short biography (25–39 words); consider more career detail.","John Partridge is an English actor, dancer, singer, panelist and television presenter, who is probably best known for the role of Christian Clarke in the long-running BBC television soap opera EastEnders, having joined the cast in January 2008.",""
"John Sopel","/mugshots/john-sopel-correspondent","Short biography","30","Short biography (25–39 words); consider more career detail. Undated current-role/time-sensitive wording: verify it is still accurate.","Jonathan B. Sopel is a British television presenter and correspondent for the BBC's international television news channel, BBC World News, currently serving as the North America Editor for the BBC.",""
"John Whaite","/mugshots/john-whaite-bake-off-winner","Short biography","28","Short biography (25–39 words); consider more career detail.","John Whaite is an English baker who won the third series of The Great British Bake Off in 2012. He works as a chef, television presenter, and author.",""
"Johnny Ball","/mugshots/johnny-ball-tv-presenter","Very short biography","21","Very short biography (under 25 words); add career highlights.","Johnny Ball is an English television personality, a populariser of mathematics and the father of BBC Radio 2 DJ Zoe Ball.",""
"Johnny Hates Jazz","/mugshots/johnny-hates-jazz-singers","Short biography","29","Short biography (25–39 words); consider more career detail. Undated current-role/time-sensitive wording: verify it is still accurate.","Johnny Hates Jazz are a British band, currently consisting of Clark Datchler and Mike Nocito. In April 1987, they achieved international success with their first hit single ""Shattered Dreams.""",""
"Johnny Vegas","/mugshots/johnny-vegas-actor-comedian","Short biography","31","Short biography (25–39 words); consider more career detail.","Michael Joseph Pennington, better known as Johnny Vegas, is an English comedian and actor. He is known for his portly figure, angry comedic rants, surreal humour, northern accent, and husky voice.",""
"Jonathan Dimbleby","/mugshots/jonathan-dimbleby-tv-host","Short biography","35","Short biography (25–39 words); consider more career detail. Undated current-role/time-sensitive wording: verify it is still accurate.","Jonathan Dimbleby is a British presenter of current affairs and political radio and television programmes, an author and historian. He is the son of Richard Dimbleby and younger brother of British TV presenter David Dimbleby.",""
"Jonathan Swain","/mugshots/jonathan-swain-gmb-reporter","Very short biography","19","Very short biography (under 25 words); add career highlights.","Dad, husband, usually do lots of stuff & news bloke from Good Morning Britain. Senior News Correspondent 
at GMB",""
"Jorgie Porter","/mugshots/jorgie-porter-actress","Short biography","33","Short biography (25–39 words); consider more career detail.","Jorgina Porter is an English actress and model. She is known for portraying the role of Theresa McQueen in the Channel 4 soap opera Hollyoaks from 2008 until 2016 and again from 2020.",""
"Julian Caillon","/mugshots/julian-caillon-dancer","Editorial review","64","dominated by generic praise with no named career credits: ""strong stage presence and versatility""","Julian Caillon is a professional dancer and performer who has appeared in a range of stage productions and television projects. Known for his strong stage presence and versatility across dance styles, he has worked in touring shows and live performances around the UK and internationally. Caillon’s work combines athletic movement with theatrical performance, making him a popular performer in both dance and entertainment productions.",""
"Juliet Mills","/mugshots/juliet-mills-actress","Short biography","37","Short biography (25–39 words); consider more career detail.","Juliet Maryon Mills is a British-American actress. She is the daughter of actor Sir John Mills and Mary Hayley Bell and the eldest of three siblings; her younger siblings are actress Hayley Mills and director Jonathan Mills.",""
"Kelle Bryan","/mugshots/kelle-bryan-tv-presenter","Editorial review","68","Undated current-role/time-sensitive wording: verify it is still accurate.","Kelle Bryan is a British singer, television presenter and actress, best known as a member of the successful 1990s R&B group Eternal. After her music career, she moved into television and became a regular panellist on ITV’s Loose Women, where she discusses current affairs, lifestyle and entertainment topics. Bryan has also appeared in acting roles and various television programmes, building a varied career across music, television and media.",""
"Kelvin Fletcher","/mugshots/kelvin-fletcher-actor","Editorial review","46","Undated current-role/time-sensitive wording: verify it is still accurate.","Kelvin Warren Fletcher is an English actor, writer, model and racing driver who played Andy Sugden for 20 years in the long-running television soap opera Emmerdale from 1996 to 2016. Alongside acting Fletcher is also a professional racing driver currently racing in the British GT Championship.",""
"Ken Docherty","/mugshots/ken-docherty-snooker-player","Short biography","32","Short biography (25–39 words); consider more career detail.","Ken Doherty is an Irish professional snooker player, commentator and radio presenter. As an amateur, Doherty won the Irish Amateur Championship twice, the World Under-21 Amateur Championship and the World Amateur Championship.",""
"Kevin Kennedy","/mugshots/kevin-kennedy-actor","Short biography","30","Short biography (25–39 words); consider more career detail.","Known to millions as Curly Watts from Coronation Street, Kevin Kennedy is a soap legend. His Santa Radio MugShot is giving nostalgic cheer with a generous helping of Corrie charm.",""
"Kim Marsh","/mugshots/kim-marsh-corrie-actress","Short biography","36","Short biography (25–39 words); consider more career detail.","Kimberley Gail ""Kym"" Marsh is an English actress and former singer-songwriter, who rose to fame in 2001 after winning a place in the band Hear'Say, as a result of appearing on the reality television series Popstars.",""
"Laura Tobin","/mugshots/laura-tobin-gmb-presenter","Editorial review","48","Undated current-role/time-sensitive wording: verify it is still accurate.","Laura Elizabeth Tobin FRMS is an English broadcast meteorologist, currently employed by ITV. Tobin worked for the BBC before moving to the ITV Breakfast programme Daybreak in 2012. Daybreak was later replaced by Good Morning Britain in early 2014. Tobin currently presents the weather bulletins for the programme.",""
"Laurel and Hardy","/mugshots/laurel-and-hardy-comedians","Short biography","29","Short biography (25–39 words); consider more career detail.","Laurel and Hardy were a comedy double act during the early Classical Hollywood era of American cinema. The team was composed of Englishman Stan Laurel and American Oliver Hardy.",""
"Lauren Oakley","/mugshots/lauren-oakley-dancer","Short biography","31","Short biography (25–39 words); consider more career detail. Undated current-role/time-sensitive wording: verify it is still accurate.","Strictly Come Dancing pro Lauren Oakley lights up the dancefloor and now the Santa Radio wall. Her MugShot moment proves she’s got as much sparkle off the stage as on it.",""
"Lauren Platt","/mugshots/lauren-platt-presenter","Short biography","37","Short biography (25–39 words); consider more career detail.","Lauren Nicole Platt is an English singer, presenter and beauty vlogger who finished fourth in the eleventh series of The X Factor. From 2016 to 2018, she presented the CBBC children's talent show Got What It Takes?.",""
"Lauren Steadman","/mugshots/lauren-steadman-paralympic-athlete","Very short biography","20","Very short biography (under 25 words); add career highlights.","Lauren Steadman is a British Paralympic athlete who has competed in three Summer Paralympics, in both swimming and the paratriathlon.",""
"Laurie Brett","/mugshots/laurie-brett-actress","Short biography","33","Short biography (25–39 words); consider more career detail.","Laurie Brett is a Scottish actress, best known for her roles as Jane Beale in the BBC One soap opera EastEnders and Christine Mulgrew in the BBC One school-based drama series Waterloo Road.",""
"Lee-and Jimmy","/mugshots/lee-and-jimmy-a1-singers","Short biography","37","Short biography (25–39 words); consider more career detail.","A1 are a British-Norwegian boy band that formed in 1998. The original line-up consists of Paul Marazzi, Christian Ingebrigtsen, Mark Read and Ben Adams. Ingebrigtsen is originally from Oslo, Norway, but the other members originate from London.",""
"Leona Norskov","/mugshots/leona-norskov-singer","Editorial review","60","Undated current-role/time-sensitive wording: verify it is still accurate.","Leona Norskov is a talented singer and performer known for her soulful voice and captivating stage presence. With a passion for music that resonates with audiences, Leona has built a loyal fan base through her live performances and heartfelt recordings. Now part of the Santa Radio MugShots collection, Leona adds her festive spirit, proudly holding the iconic Santa Radio mug.",""
"Liam Fox","/mugshots/liam-fox-actor","Editorial review","52","Undated current-role/time-sensitive wording: verify it is still accurate.","Liam Fox is a much-loved British actor, best known as Dan Spencer from Emmerdale. With a career full of heartfelt performances and northern charm, he’s a favourite on UK screens. Now, he’s joined the festive fun with his very own Santa Radio MugShot 🎅📸 – a true Christmas classic in the making!",""
"Liesl Soards","/mugshots/liesl-radio-presenter","Short biography","33","Short biography (25–39 words); consider more career detail.","Liesl Soards is a bright and bubbly voice on the airwaves, known for her work on Hits Radio. Her infectious energy and warm personality make her a favourite with listeners across the UK.",""
"Lisa Appleton","/mugshots/lisa-appleton-presenter","Editorial review","46","broken/truncated text: '... The brunette troublemaker'","LISA Appleton is a well-loved reality TV star, who first hit our screens as a Big Brother housemate in 2008. ... The brunette troublemaker is best-known for appearing on the 2008 series of Big Brother, where she entered the house with her then boyfriend Mario Marconi.",""
"Lisa Maxwell","/mugshots/lisa-maxwell-actress","Short biography","30","Short biography (25–39 words); consider more career detail.","Lisa Maxwell is an English actress and television presenter, best known for her roles in The Bill as Samantha Nixon, in EastEnders as Naomi and in Hollyoaks as Tracey Donavan.",""
"Lisa Snowdon","/mugshots/lisa-snowdon-tv-radio-presenter","Editorial review","56","Undated current-role/time-sensitive wording: verify it is still accurate.","Lisa Snowdon is a renowned TV and radio presenter, model, and style icon celebrated for her vibrant personality and professionalism. Best known for her work on Capital FM’s Breakfast Show and her television appearances, Lisa has become a household name in the UK. Now, she’s embracing the festive spirit by joining the Santa Radio MugShots collection.",""
"Lorna Fitzgerald","/mugshots/lorna-fitzgerald-actress","Short biography","26","Short biography (25–39 words); consider more career detail.","Lorna Katie Fitzgerald is a British actress from Northampton. Her most notable role to date is that of Abi Branning in the BBC soap opera EastEnders.",""
"Louise Minchin","/mugshots/louise-minchin-presenter","Editorial review","44","Undated current-role/time-sensitive wording: verify it is still accurate.","Louise Mary Minchin is a British television presenter, journalist and former news presenter who currently works freelance within the BBC. Beginning in 2012, Minchin was a regular anchor on the BBC One programme Breakfast, co-hosting the show three days a week with Dan Walker.",""
"Louise Rednapp","/mugshots/louise-rednapp-singer","Short biography","33","Short biography (25–39 words); consider more career detail.","Louise Elizabeth Redknapp, is an English singer, songwriter and media personality. She was a member of Eternal, a R&B girl group which debuted in 1993 with their quadruple-platinum studio album Always & Forever.",""
"Lucy Milburn","/mugshots/lucy-milburn-singer","Editorial review","67","Undated current-role/time-sensitive wording: verify it is still accurate.","Lucy Milburn 🎤 is a soulful English singer who wowed audiences on The Voice UK with her powerful performances and emotional depth. Her journey on the show captured hearts and earned high praise from the judges. Lucy’s rich vocals and warm stage presence continue to shine beyond the screen. Now she’s joined the Santa Radio MugShots 🎅 collection—spreading festive cheer, one cup of cocoa at a time!",""
"Maisie Smith","/mugshots/masie-smith-actress","Short biography","38","Short biography (25–39 words); consider more career detail.","Maisie Louise Collender Smith is an English actress and singer. She appeared in the feature film The Other Boleyn Girl and played the regular role of Tiffany Butcher in the BBC soap opera EastEnders from 2008 to 2014.",""
"Marc Elliott","/mugshots/marc-elliott-actor","Short biography","27","Short biography (25–39 words); consider more career detail.","Marc Gilbert F Elliott is an English actor from Stratford-upon-Avon, England, who is known for his role as Syed Masood in the BBC television soap opera EastEnders.",""
"Marco Fu","/mugshots/marco-fu-snooker-player","Short biography","38","Short biography (25–39 words); consider more career detail.","Marco Fu Ka-chun, MH, JP is a professional snooker player from Hong Kong. He won the 2007 Grand Prix, beating Ronnie O'Sullivan in the final, and was the runner-up in the 2008 UK Championship and the 2011 Masters.",""
"Mark Berry - Bez","/mugshots/bez-singer","Short biography","31","Short biography (25–39 words); consider more career detail.","Mark Berry, better known as Bez, is an English percussionist, dancer, DJ and media personality. He is best known as a member of the rock bands Happy Mondays and Black Grape.",""
"Mark Read","/mugshots/mark-read-a1-singer","Short biography","25","Short biography (25–39 words); consider more career detail. Undated current-role/time-sensitive wording: verify it is still accurate.","Mark Daniel Read is an English singer/songwriter, best known as member of the boy band A1 from 1998 to 2002, and 2009 to the present.",""
"Mark Watson","/mugshots/mark-watson-comedian","Short biography","27","Short biography (25–39 words); consider more career detail.","Mark Watson is a comedian, author and sports pundit. He did his first gig in 2002 and the same year won the Daily Telegraph Open Mic Competition.",""
"Markus Brigstock","/mugshots/markus-brigstock-comedian","Editorial review","76","Undated current-role/time-sensitive wording: verify it is still accurate.","Markus Brigstocke is a British comedian, actor and presenter known for his razor-sharp wit and intelligent, satirical humour. His stand-up often tackles politics, current affairs and social issues with insight and bite. Markus has appeared on major panel shows including QI and Have I Got News for You, and he’s also demonstrated his acting range in both television and theatre. His blend of humour and thoughtful commentary has made him a distinctive voice in British comedy.",""
"Martin Fry","/mugshots/martin-fry-abc","Very short biography","21","Very short biography (under 25 words); add career highlights.","Martin David Fry is an English singer, songwriter, composer, musician, and record producer. Fry's music career spans more than 30 years.",""
"Martin Ware","/mugshots/martyn-ware-heaven-17-musician","Short biography","38","Short biography (25–39 words); consider more career detail.","Martyn Ware is an English musician, composer, arranger, record producer, and music programmer. As a founding member of both The Human League and Heaven 17, Ware was partly responsible for hit songs such as ""Being Boiled"" and ""Temptation"".",""
"Maxwell Thorpe","/mugshots/maxwell-thorpe-bgt-finalist","Very short biography","21","Very short biography (under 25 words); add career highlights.","Maxwell Thorpe is a classically trained operatic singer who began singing lessons when he was 14. Britains Got Talent Finalist 2022",""
"Megan McKenna","/mugshots/megan-mckenna-reality-star","Short biography","34","Short biography (25–39 words); consider more career detail.","Megan Elizabeth McKenna is an English television personality and singer. After making appearances on Ex on the Beach, she received wider attention for appearing on Celebrity Big Brother and The Only Way Is Essex.",""
"Michael Sheen","/mugshots/michael-sheen-actor","Editorial review","60","Undated current-role/time-sensitive wording: verify it is still accurate.","Michael Sheen is an acclaimed actor known for his remarkable performances in films and TV series, captivating audiences worldwide with his versatility and talent. 🌟 From portraying iconic characters to narrating compelling stories, Michael brings magic to every project he undertakes. 🎬 Now, he’s joining the Santa Radio MugShots collection, adding a touch of star power to the festive season.",""
"Mike Bushell","/mugshots/mike-bushell-presenter","Short biography","27","Short biography (25–39 words); consider more career detail.","Mike Bushell is a sports presenter for the BBC. He presents the sport on BBC Breakfast on Fridays and at the weekends, and sometimes on other weekdays.",""
"Mitchel Taylor and Ella Barnes","/mugshots/mitchel-taylor-ella-barnes-reality-tv","Very short biography","6","Very short biography (under 25 words); add career highlights.","Couple who split after Love Island",""
"Mo Gilligan","/mugshots/mo-gilligan-comedian","Short biography","35","Short biography (25–39 words); consider more career detail.","Mosiah Gilligan is a British stand-up comedian. After several years of uploading comedy clips to social media, he found global success in 2017. Host of the Brits in 2022 and Judge on Masked Singer 2021.",""
"Molly Mae Love","/mugshots/molly-mae-love-island","Short biography","27","Short biography (25–39 words); consider more career detail.","Molly-Mae Hague was an Islander on Season 5 of the revived series of Love Island. Molly-Mae entered the villa on Day 4 and was crowned the runner-up",""
"Natalie Davies","/mugshots/natalie-davies-actress","Short biography","30","Short biography (25–39 words); consider more career detail.","Natalie Davies was born on 15 August 1990 in Bradford, West Yorkshire, England, UK. She is an actress, known for Hullraisers (2022), Coronation Street (1960) and Eaten by Lions (2018)",""
"Neil Jones","/mugshots/neil-jones-dancer","Short biography","30","Short biography (25–39 words); consider more career detail.","Ballroom maestro Neil Jones brings his signature smoulder from Strictly Come Dancing to Santa Radio. This MugShot proves he can pull off festive with as much flair as a Foxtrot.",""
"Neil McDermott","/mugshots/neil-mcdermott-eastenders-actor","Very short biography","24","Very short biography (under 25 words); add career highlights.","Neil McDermott is a British stage and television actor, who is best known for portraying Ryan Malloy in the BBC television soap opera EastEnders.",""
"Nev Wilshire","/mugshots/nev-wilshire-tv-personality","Very short biography","20","Very short biography (under 25 words); add career highlights. Undated current-role/time-sensitive wording: verify it is still accurate.","Businessman, Speaker & Call Centre Napoleon from BBC's 'The Call Centre'. Love a catchphrase, now GET OUT of my office!",""
"Nigel NG","/mugshots/nigel-ng-comedian","Very short biography","24","Very short biography (under 25 words); add career highlights.","Nigel Ng, better known by his online persona Uncle Roger, is a Malaysian Chinese stand-up comedian and Internet celebrity based in London, United Kingdom.",""
"Nina Wadia","/mugshots/nina-wadia-actress","Editorial review","49","Undated current-role/time-sensitive wording: verify it is still accurate.","Nina Wadia is a celebrated actress and comedian, widely recognised for her roles in Goodness Gracious Me and EastEnders. With her brilliant comedic timing and engaging performances, Nina has become a much-loved figure on British television. Now, she’s spreading festive joy as part of the Santa Radio MugShots collection!",""
"Nuno Espirito Santo","/mugshots/nuno-espirito-santo-wolves-manager","Editorial review","55","outdated-sounding current-role claims: 'head coach of Premier League club Tottenham Hotspur'","Nuno Herlander Simões Espírito Santo, known simply as Nuno as a player, is a Portuguese football manager and former footballer who played as a goalkeeper. He is the head coach of Premier League club Tottenham Hotspur. During his career he first made a name for himself in Spain, playing for three teams in five years.",""
"Ole Gunnar Solskaer","/mugshots/ole-gunnar-solsha-man-united-manager","Editorial review","40","outdated-sounding current-role claims: 'currently the manager of English club Manchester United' Undated current-role/time-sensitive wording: verify it is still accurate.","Ole Gunnar Solskjær KSO is a Norwegian professional football manager and former player. He is currently the manager of English club Manchester United. As a player, he played as a forward and spent most of his career with Manchester United.",""
"Pat Sharp","/mugshots/pat-sharp-radio-presenter","Short biography","38","Short biography (25–39 words); consider more career detail.","Patrick Sharpin, known professionally as Pat Sharp, is an English radio presenter, television presenter and DJ. In the UK, he is known mainly for his work on the children's ITV programme Fun House, and his extensive radio career.",""
"Paul Barber","/mugshots/paul-barber-actor","Short biography","34","Short biography (25–39 words); consider more career detail.","Paul Barber is an English actor from Liverpool. In a career spanning more than 45 years, he is best known for playing Denzil in Only Fools and Horses and Horse in The Full Monty.",""
"Paul Burling","/mugshots/paul-burling-impressionist-bgt","Short biography","37","Short biography (25–39 words); consider more career detail.","Paul Burling is a British impressionist. A veteran of show business for 25 years, having worked in voiceover, radio and pantomime, he rose to national attention as a finalist of the fourth series of Britain's Got Talent.",""
"Paul Burrell","/mugshots/paul-burrell-royal-butler","Short biography","25","Short biography (25–39 words); consider more career detail.","Official Paul Burrell Twitter Account. Former Footman to HM Majesty Queen Elizabeth ll and Butler to the late Princess Diana. New York Times Bestselling Author.",""
"Paul Cattermole","/mugshots/paul-s-club-7-singer","Short biography","39","Short biography (25–39 words); consider more career detail.","Paul Gerald Cattermole is an English singer and actor. Cattermole was a member of the group S Club 7, but left the group in 2002. Between 2008 and 2015 he also was member of spin-off group S Club 3.",""
"Paul Heaton","/mugshots/paul-heaton-singer-beautiful-south","Short biography","38","Short biography (25–39 words); consider more career detail.","Paul David Heaton is an English singer-songwriter of The Beautiful South. Heaton was a member of The Housemartins, who had success with the singles ""Happy Hour"" and the number-one ""Caravan of Love"" in 1986 before disbanding in 1988.",""
"Paul Martin","/mugshots/paul-martin-tv-personality","Short biography","35","Short biography (25–39 words); consider more career detail.","Paul Martin is a British antiques dealer and professional drummer, best known for being the presenter of various BBC television antiques programmes including Flog It!, Trust Me, I'm a Dealer and Paul Martin's Handmade Revolution",""
"Paula Lane","/mugshots/paula-lane-actress","Editorial review","53","broken/truncated text: 'Santa Radio MugShots collection!cheer!' Undated current-role/time-sensitive wording: verify it is still accurate.","🎭 Paula Lane is an English actress, best known for her role as Kylie Platt in the ITV soap Coronation Street from 2010 to 2016. 🌟 Paula's portrayal of the complex character earned her widespread recognition and admiration from fans. 🎬 Now, Paula brings her festive spirit to the Santa Radio MugShots collection!cheer!",""
"Paula Wilcox","/mugshots/paula-wilcox-actress","Short biography","38","Short biography (25–39 words); consider more career detail.","Paula Wilcox is an English actress. An established actress with a career spanning over 50 years, she is best known for her role as Chrissy in the popular ITV sitcom Man About The House from 1973 to 1976.",""
"Pep Guardiola","/mugshots/pep-guardiola-man-city-manager","Editorial review","52","Undated current-role/time-sensitive wording: verify it is still accurate.","⚽ Josep ""Pep"" Guardiola Sala is a renowned Spanish football manager and former player, currently managing Premier League club Manchester City. 🌟 Pep has earned widespread acclaim for his tactical genius and success, leading Manchester City to multiple victories. 🏆 As a player, he had a distinguished career, notably with FC Barcelona.",""
"Peter Andre","/mugshots/peter-andre-tv-personaility","Editorial review","62","Undated current-role/time-sensitive wording: verify it is still accurate.","Peter Andre is a popular British singer and television personality, best known for his hit singles Mysterious Girl and Flava. 🌟 Peter rose to fame in the 90s, captivating fans with his catchy tunes and charismatic persona. 🎤 His success has extended into television, where he continues to entertain audiences. Now, Peter brings his festive charm to the Santa Radio MugShots collection!",""
"Peter Crouch","/mugshots/peter-crouch-footballer","Editorial review","64","outdated-sounding current-role claims: 'played as a striker for Championship club Stoke City until his transfer to Burnley'","Peter Crouch is a professional English footballer who played as a striker for Championship club Stoke City until his transfer to Burnley. Crouch has played for England's international team 42 times between 2005 and 2010, scoring 22 goals for his country. Crouch has appeared in two world cups and he will be remembered as one of the most admired English footballers of his generation.",""
"Philip Lowrie","/mugshots/philip-lowrie-actor","Short biography","37","Short biography (25–39 words); consider more career detail.","Colin Philip Lowrie is a retired English television actor, best known for playing Dennis Tanner in the long-running ITV soap opera Coronation Street, from the programme's inception in 1960 until 1968, and again from 2011 until 2014.",""
"Pippa Tarrant","/mugshots/pippa-tarrant-broadcaster","Short biography","35","Short biography (25–39 words); consider more career detail.","Philippa Claire Tarrant is a British radio producer, presenter, and book author who has worked as executive producer on the Chris Moyles Breakfast show on Radio X since the show started on 21 September 2015.",""
"Pudsey Bear","/mugshots/pudsey-bear-charity-rep","Editorial review","67","Undated current-role/time-sensitive wording: verify it is still accurate.","🐻 Pudsey Bear is the beloved mascot of BBC Children in Need, known for his iconic yellow fur and patch over one eye, which he got from a sharp pencil accident in his youth. 🌟 Pudsey has become a symbol of fundraising and support for children in need across the UK, bringing joy and raising millions for charity. 🎅 Now, Pudsey joins the Santa Radio MugShots collection.",""
"Raven, Terri Harper and Stevi","/mugshots/raven-chapman-terri-harper-stevi-levy-boxers","Short biography","27","Short biography (25–39 words); consider more career detail.","Professional Boxer undefeated in 12 contest Boxing glove WBC/IBO World Champion. signed to matchroomboxing. Managed and coached by StefyBull. Pictured with boxers Stevi Levy and Raven Chapman",""
"Reginald D Hunter","/mugshots/reginald-d-hunter-comedian","Very short biography","13","Very short biography (under 25 words); add career highlights.","Reginald Darnell Hunter is an American stand-up comedian based in the United Kingdom.",""
"Richard Blackwood","/mugshots/richard-blackwood-actor","Short biography","33","Short biography (25–39 words); consider more career detail. Undated current-role/time-sensitive wording: verify it is still accurate.","Richard Blackwood is an actor, presenter and rapper. Between 2015 and 2018, he played Vincent Hubbard in the BBC soap EastEnders. Now touring in various shows including Shrek and Aladdin during Christmas 2019.",""
"Richard Curtis","/mugshots/richard-curts-writer","Short biography","28","Short biography (25–39 words); consider more career detail. broken/truncated text: 'known primarily for romantic comedy films,'","Richard Whalley Anthony Curtis CBE is a British screenwriter, producer and film director. One of Britain's most successful comedy screenwriters, he is known primarily for romantic comedy films,",""
"Richie Anderson","/mugshots/richie-anderson-bbc-radio-2","Short biography","38","Short biography (25–39 words); consider more career detail. Undated current-role/time-sensitive wording: verify it is still accurate.","Richie Anderson is a TV and radio personality who works for the BBC. He is a former Sunday League footballer who played for Coombs Wood F.C. Anderson currently presents the travel on weekday mornings on BBC Radio 2.",""
"Rick Wakeman","/mugshots/rick-wakeman-music","Editorial review","59","Undated current-role/time-sensitive wording: verify it is still accurate.","Legendary keyboard wizard 🎹 Rick Wakeman is best known as the flamboyant maestro behind the keys for progressive rock giants Yes. With a career spanning six decades, Rick’s solo work and stage presence have made him a music icon. From capes to Christmas, he now joins the Santa Radio MugShots collection, mug in hand and full of festive flair.",""
"Rob Beckett","/mugshots/rob-beckett-comedian","Editorial review","59","Undated current-role/time-sensitive wording: verify it is still accurate.","Robert Anthony Beckett is an English stand-up comedian and presenter. He was a co-host on the ITV2 spin-off show I'm a Celebrity...Get Me Out of Here! NOW! from 2012 to 2014. Since 2016, Beckett has been a team captain on the E4 panel show 8 Out of 10 Cats and the narrator of the reality series Celebs Go Dating.",""
"Rob Edwards","/mugshots/rob-edwards-premier-league-manager-luton","Editorial review","73","Undated current-role/time-sensitive wording: verify it is still accurate.","Rob Edwards is a professional football manager and former defender, currently managing Luton Town. Born in 1982 in Telford, he began his career at Aston Villa, making his Premier League debut in the 2002–03 season before spells with Wolves, Blackpool and others. Transitioning into management, he steered Forest Green Rovers to the 2022 League Two title. Edwards later guided Luton Town to a remarkable promotion to the Premier League for the 2023–24 campaign.",""
"Rob Ostlere","/mugshots/rob-ostlere-actor","Short biography","36","Short biography (25–39 words); consider more career detail.","Robert ""Rob"" Ostlere is a British actor, best known for his portrayal of Arthur Digby in the medical drama Holby City. He made his first appearance on 2 January 2013 and departed on 7 June 2016.",""
"Rob Rouse","/mugshots/rob-rouse-comedian-presenter","Very short biography","6","Very short biography (under 25 words); add career highlights.","Rob Rouse is an English comedian.",""
"Rob Walker","/mugshots/rob-walker-bbc-sport","Short biography","38","Short biography (25–39 words); consider more career detail.","Robert Joseph ""Rob"" Walker is a British sports commentator, television presenter and freelance reporter, who has covered sports including tennis, snooker, darts, boxing, football, sailing and athletics for the BBC, Channel 4, ITV, Setanta Sports and the IAAF.",""
"Ronan Keating","/mugshots/ronan-keating-singer","Editorial review","78","Undated current-role/time-sensitive wording: verify it is still accurate.","Ronan Keating is an Irish singer, songwriter and TV/radio presenter best known as a co-lead vocalist of Boyzone, who rose to global fame in the 1990s with hits like “No Matter What.” Formed in 1994 with Stephen Gately, Keith Duffy, Shane Lynch and Michael Graham, the band became one of Ireland’s biggest pop acts. Ronan later built a successful solo career and now co-hosts the popular Magic Radio breakfast show, continuing to charm audiences with his signature warmth.",""
"Rose Ayling-Ellis","/mugshots/rose-ayling-ellis-actress","Short biography","34","Short biography (25–39 words); consider more career detail.","Rose Lucinda Ayling-Ellis is an English actress. Deaf since birth, she is a British Sign Language user. She is best known for playing the role of Frankie Lewis, in the BBC soap opera EastEnders.",""
"Roy Hodgeson","/mugshots/roy-hodgeson-crystal-palace-football-manager","Short biography","31","Short biography (25–39 words); consider more career detail.","Roy Hodgson CBE is an English former football manager and former player. He has managed 16 different teams in eight countries, beginning in Sweden with Halmstads BK in the 1976 season.",""
"Russell Howard","/mugshots/russell-howard-comedian","Editorial review","62","Undated current-role/time-sensitive wording: verify it is still accurate.","Russell Howard is a popular British comedian, actor, and television presenter, known for his sharp humor and relatable observations. 🌟 His animated delivery style and insightful take on everyday life, current events, and social issues have made him a standout in stand-up comedy. Russell has also hosted shows like Russell Howard's Good News, where he humorously dissected news stories and current affairs.",""
"Ryan Prescott","/mugshots/ryan-prescott-actor","Short biography","38","Short biography (25–39 words); consider more career detail. Undated current-role/time-sensitive wording: verify it is still accurate.","Ryan Prescott is an English actor who is currently portraying the role of Ryan Connor on the ITV soap opera Coronation Street. He previously played the role of Flynn Buchanan in fellow ITV soap opera Emmerdale in 2011.",""
"Sally Anne Matthews","/mugshots/sally-anne-matthews-actress","Editorial review","50","Undated current-role/time-sensitive wording: verify it is still accurate.","Sally Ann Matthews is an English actress, born on 19 September 1970 in Oldham, Lancashire. She is best known for her role as Jenny Bradley in the ITV soap opera Coronation Street, a character she has portrayed since 1986, with appearances in 1991, 1993, and from 2015 to the present.",""
"Sam Lightfoot","/mugshots/sam-lightfoot-boxer","Short biography","33","Short biography (25–39 words); consider more career detail. Undated current-role/time-sensitive wording: verify it is still accurate.","Rising boxing talent Sam Lightfoot packs a punch in and out of the ring — and now he’s throwing festive jabs with his Santa Radio MugShot 🎅🥊. A knockout addition to the collection!",""
"Sam Thompson","/mugshots/sam-thompson-dj","Editorial review","66","Undated current-role/time-sensitive wording: verify it is still accurate.","Sam Thompson 🎧 rose to fame on Made in Chelsea, but this cheeky chappy has since made waves as a DJ and TV personality. Known for his infectious energy and quick wit, Sam’s become a favourite on radio and reality shows alike. He’s now bringing his big grin (and his Santa Radio mug) to the MugShots 🎅 gallery. Let the festive tunes and Christmas chaos commence!",""
"Samantha Bumford","/mugshots/samantha-bumford","Very short biography","19","Very short biography (under 25 words); add career highlights. Undated current-role/time-sensitive wording: verify it is still accurate.","Samantha Bumford, from Poole and the current Miss Poole and Miss Dorset 2017. Graduated from the University of Portsmouth",""
"Sandra Marvin","/mugshots/sandra-marvin-actress","Very short biography","24","Very short biography (under 25 words); add career highlights.","Sandra Marvin (born 6th December) is an English actor who played Jessie Grant between 2017 and 2019. She has also appeared in Citizen Khan.",""
"Sara Cox","/mugshots/sara-cox-radio-dj","Editorial review","45","Undated current-role/time-sensitive wording: verify it is still accurate.","Sara Joanne Cyzer more commonly known by her professional name Sara Cox, is an English broadcaster and model. She presented the Breakfast Show on BBC Radio 1 between 3 April 2000 and 19 December 2003. She currently hosts Drivetime on BBC Radio 2 Monday–Friday 17:00–19:00",""
"Sara Davies","/mugshots/sara-davies-dragon","Short biography","32","Short biography (25–39 words); consider more career detail.","Sara Davies MBE is a British businesswoman, entrepreneur, and television personality. She is the founder and owner of Crafter's Companion, a company she started while a student at the University of York.",""
"Sasha Parkinson","/mugshots/sasha-parkinson-actress","Very short biography","21","Very short biography (under 25 words); add career highlights.","Sacha Louise Parkinson is an English actress, known for her role as Sian Powers on the ITV soap opera Coronation Street.",""
"Scott Mills","/mugshots/scott-mills-radio-presenter","Short biography","39","Short biography (25–39 words); consider more career detail.","Scott Robert Mills - English radio DJ, television presenter and occasional actor. He was best known for presenting his show on BBC Radio 2. Mills was also been a UK commentator for the semi-finals of the Eurovision Song Contest.",""
"Scott Robinson","/mugshots/scott-robinson-singer","Very short biography","17","Very short biography (under 25 words); add career highlights.","Scott Robinson is an English singer best known for being a member of the boy band Five.",""
"Seann Walsh","/mugshots/seann-walsh-comedian","Very short biography","13","Very short biography (under 25 words); add career highlights.","Sean Walsh, known professionally as Seann Walsh, is an English comedian and actor.",""
"Shane Richie","/mugshots/shane-richie-actor-singer","Very short biography","17","Very short biography (under 25 words); add career highlights.","Shane Patrick Paul Roche, known as Shane Richie, is a British actor, comedian, television presenter and singer.",""
"Shappi Khorsandi","/mugshots/shappi-khorsandi-comedian","Short biography","39","Short biography (25–39 words); consider more career detail.","Shaparak Khorsandi, formerly credited as Shappi Khorsandi, is an Iranian-born British comedian and author. She is the daughter of the Iranian political satirist and poet Hadi Khorsandi. Her family left Iran for the United Kingdom following the Islamic Revolution.",""
"Shaun Williamson","/mugshots/shaun-williamson-barry-eastenders-actor","Short biography","34","Short biography (25–39 words); consider more career detail.","Shaun Williamson is an English actor, singer, media personality, and occasional presenter, best known for his role as Barry Evans in EastEnders and as a satirical version of himself in the BBC/HBO sitcom Extras.",""
"Shelley King","/mugshots/shelley-king-actress","Short biography","29","Short biography (25–39 words); consider more career detail.","Shelley King is a British-Indian actress, known for her roles as Jay Harper on the BBC drama series Angels and Yasmeen Nazir on the ITV soap opera Coronation Street.",""
"Shirley Ballas","/mugshots/shirley-ballas-dancer","Short biography","36","Short biography (25–39 words); consider more career detail.","Shirley Ballas is an English ballroom dancer, dance teacher, and dance adjudicator from Wallasey who specialises in the International Latin division, where she won several championship titles which earned her the nickname The Queen of Latin",""
"Showaddywaddy","/mugshots/showaddywaddy-singers","Identity / non-celebrity review","49","Confirm identity/type first: ambiguous label, fictional character, mascot, object or waxwork.","Showaddywaddy are a pop/rock group from Leicester, England. They specialise in revivals of hit songs from the 1950s and early 1960s, while also issuing original material. Showaddywaddy spent a total of 209 weeks on the UK Singles Chart, and had 10 Top Ten singles, with one reaching number one.",""
"Showaddywaddy Band","/mugshots/showaddywaddy-band","Identity / non-celebrity review","49","Band/group photo differs from showaddywaddy-singers. Confirm intended group membership before merging. Confirm identity/type first: ambiguous label, fictional character, mascot, object or waxwork.","Showaddywaddy are a pop/rock group from Leicester, England. They specialise in revivals of hit songs from the 1950s and early 1960s, while also issuing original material. Showaddywaddy spent a total of 209 weeks on the UK Singles Chart, and had 10 Top Ten singles, with one reaching number one.",""
"Simon Reeve","/mugshots/simon-reeve-author","Editorial review","45","Undated current-role/time-sensitive wording: verify it is still accurate.","Simon Alan Reeve is a British author and television presenter, currently based in London. He makes travel documentaries and has written books on international terrorism, modern history and his adventures. He has presented the BBC television series Tropic of Cancer, Equator and Tropic of Capricorn.",""
"Simon Rimmer","/mugshots/simon-rimmer-presenter-chef","Very short biography","18","Very short biography (under 25 words); add career highlights.","Simon Peter Rimmer is an English cook and restaurateur, best known for his on-screen partnership with Tim Lovejoy.",""
"Sinitta","/mugshots/sinitta-singer","Editorial review","86","Undated current-role/time-sensitive wording: verify it is still accurate.","Sinitta is a British-American singer who rose to fame in the 1980s with hit singles like ""So Macho"" and ""Toy Boy."" She has also appeared on television shows such as The X Factor and I'm a Celebrity... Get Me Out of Here! Sinitta's vibrant personality and enduring presence in the entertainment industry have made her a beloved figure. Now, she brings her festive spirit to the Santa Radio MugShots collection! See Sinitta with the iconic Santa Radio mug and explore more celebrity MugShots spreading Christmas cheer.",""
"Sir Michael Palin","/mugshots/sir-michael-palin","Short biography","32","Short biography (25–39 words); consider more career detail.","Sir Michael Palin is a beloved British icon, famed as a member of Monty Python and for his globe-trotting travel documentaries. His charm, wit, and curiosity have made him a national treasure.",""
"Soraya Vivian","/mugshots/soraya-vivian-singer","Very short biography","16","Very short biography (under 25 words); add career highlights. broken/truncated text: ""´Fierce Dance Diva´, Brand Ambassador & B""","Soraya Vivian Is An Eminent English Singer & Songwriter, ´Fierce Dance Diva´, Brand Ambassador & B",""
"Spike","/mugshots/spike-911-singer","Short biography","39","Short biography (25–39 words); consider more career detail.","Simon James ""Spike"" Dawbarn is an English singer and dancer. He is a member of the boy band 911, who were originally active between 1995 and 2000 and had ten consecutive top 10 hits before splitting up in 2000.",""
"Stacey Dooley","/mugshots/stacey-dooley-tv-presenter","Editorial review","78","Undated current-role/time-sensitive wording: verify it is still accurate.","Stacey Dooley MBE is a British television presenter, journalist and author known for her hard-hitting BBC Three documentaries exploring social issues, child labour, and the experiences of women in developing countries. Her fearless, empathetic reporting has made her one of the UK’s most recognised documentary voices. In 2018, Stacey won Strictly Come Dancing and is now in a relationship with her former dance partner, Kevin Clifton. Her work continues to highlight important global stories with clarity and compassion.",""
"Steff Todd","/mugshots/steff-todd-comedian","Very short biography","24","Very short biography (under 25 words); add career highlights.","An award winning new comedian from Yorkshire who has made a name for herself with hilarious impressions, an impeccable wit and razor sharp one-liners.",""
"Steph McGovern","/mugshots/steph-mcgovern","Short biography","30","Short biography (25–39 words); consider more career detail.","Stephanie Rose McGovern is an English journalist and television presenter. She works for the BBC and is the main business presenter for BBC Breakfast. She sometimes co-hosts the entire programme.",""
"Stephanie Hirst","/mugshots/stephanie-hirst-radio-presenter","Short biography","31","Short biography (25–39 words); consider more career detail.","Stephanie Hirst is an English radio presenter who started working for BBC Radio Leeds in 2018. She has hosted Hit40UK and the weekday breakfast show on Capital Yorkshire Hirsty's Daily Dose.",""
"Stephen Graham","/mugshots/stephen-graham-actor","Short biography","39","Short biography (25–39 words); consider more career detail.","Stephen Joseph Graham is an English actor. Graham is best known for playing Andrew ""Combo"" Gascoigne in the film This Is England and its television sequels This Is England '86, This Is England '88, and This Is England '90.",""
"Stephen Hendry","/mugshots/stephen-hendry-snooker-player","Very short biography","19","Very short biography (under 25 words); add career highlights. Undated current-role/time-sensitive wording: verify it is still accurate.","Stephen Gordon Hendry MBE is a Scottish former professional snooker player and current commentator for the BBC and ITV.",""
"Stephen Mulhern","/mugshots/stephen-mulhern-presenter","Editorial review","45","Undated current-role/time-sensitive wording: verify it is still accurate.","Stephen Daniel Mulhern is an English television presenter, entertainer, magician and showbiz personality. Mulhern has presented the ITV2 spin-off series Britain's Got More Talent since 2007 and has more recently presented ITV game shows including Catchphrase, Big Star's Little Star and In for a Penny.",""
"Steve Davis","/mugshots/steve-davis-snoker-player","Short biography","32","Short biography (25–39 words); consider more career detail. Biography ends at ""dominating snooker"" without explaining the achievement; expand career detail.","Steve Davis, OBE is an English retired professional snooker player from Plumstead, London. His professional playing career spanned 38 seasons from 1978 until 2016, but he is best known for dominating snooker",""
"Steve Fletcher","/mugshots/steve-fletcher-footballer","Editorial review","49","Undated current-role/time-sensitive wording: verify it is still accurate.","Steven Mark Fletcher is an English retired footballer who played as a forward for AFC Bournemouth, where he holds the club record for appearances and currently assistant manager Premier League club of AFC Bournemouth. Fletcher began his career at Hartlepool United and made his first team debut in 1990.",""
"Steve Lamacq","/mugshots/steve-lamacq-radio-dj","Very short biography","24","Very short biography (under 25 words); add career highlights. Undated current-role/time-sensitive wording: verify it is still accurate.","Stephen Lamacq, sometimes known by his nickname Lammo, is an English disc jockey, currently working with the BBC radio station BBC Radio 6 Music.",""
"Steve McClaren","/mugshots/steve-mcclaren-ex-england-football-manager","Editorial review","46","Undated current-role/time-sensitive wording: verify it is still accurate.","Stephen McClaren is an English professional football manager and former player who is currently manager of Queens Park Rangers. McClaren served as manager of the England national team from August 2006 to November 2007. He was sacked when England failed to qualify for UEFA Euro 2008.",""
"Steve Royle","/mugshots/steve-royal-comedian","Very short biography","21","Very short biography (under 25 words); add career highlights.","BGT2020 Third place & That juggler in Phoenix Nights Live at Manchester Arena! Comedian, Radio Presenter, Actor, Panto performer and Dad!",""
"Stu Francis","/mugshots/stu-francis-personality","Short biography","34","Short biography (25–39 words); consider more career detail.","Stuart G. G. Stu Francis is a British comedian with a camp style of delivery who achieved celebrity as lead presenter on the childrens television programme Crackerjack. His principal co host was Basil Brush.",""
"Stuart Maconie","/mugshots/stuart-maconie-radio-presenter","Very short biography","24","Very short biography (under 25 words); add career highlights.","Stuart Maconie is an English radio DJ and television presenter, writer, journalist, and critic working in the field of pop music and popular culture.",""
"Sue Perkins","/mugshots/sue-perkins-tv-presenter","Editorial review","78","broken/truncated text: ""ue Perkins is an English comedian""","ue Perkins is an English comedian, broadcaster, actress and writer who first found fame as half of the comedy duo Mel and Sue. She later became a household name co-presenting The Great British Bake Off for six years during its BBC run. Sue has fronted numerous documentaries and history-focused programmes, and appeared on shows including Newsnight with Sir Trevor McDonald, Celebrity Poker, and Celebrity MasterChef. Her wit, warmth and versatility have made her a staple of British television.",""
"Susan Calman","/mugshots/susan-calman-comedian","Editorial review","82","Undated current-role/time-sensitive wording: verify it is still accurate.","Susan Calman is a Scottish comedian, writer and TV presenter known for her sharp humour and upbeat, engaging style. She first gained attention through her BBC Radio 4 sitcom Sisters and stand-up shows like Susan Calman Is Convicted, later becoming a regular on The News Quiz and I’m Sorry I Haven’t a Clue. She reached week 10 on Strictly Come Dancing in 2017 and now hosts popular Channel 5 travel series. Susan also joins the Santa Radio MugShots lineup with festive cheer.",""
"Sydnie Christmas","/mugshots/sydnie-christmas-bgt-winner","Short biography","35","Short biography (25–39 words); consider more career detail.","Britain’s Got Talent 2024 winner Sydnie Christmas wowed the nation with powerhouse vocals and West End dreams. Her Santa Radio MugShot 🎅🎶 is as dazzling as her performances, adding a festive flourish to our collection.",""
"Talitha Wing","/mugshots/talitha-wing-actress","Editorial review","73","Undated current-role/time-sensitive wording: verify it is still accurate.","Talitha Wing is a British actress and writer known for her dynamic screen presence. She gained recognition as Sasha in Amazon’s Alex Rider (2020) and showed her range as Flick in Sky’s Wolfe (2021). In 2023 she starred as Destiny Schofield in Disney+’s revival of The Full Monty. Her film work includes Military Wives and the upcoming Arthur’s Whisky (2024). Talitha is also a published poet and playwright, showcasing her broad creative talent.",""
"Tasha Ghouri","/mugshots/tasha-ghouri-tv-personality","Short biography","33","Short biography (25–39 words); consider more career detail.","Love Island’s Tasha Ghouri brought glam, sass, and awareness to deaf representation on national TV. She’s joined the Santa Radio MugShot crew – and yes, she’s slaying festive vibes like it’s Casa Amor!",""
"Terry Griffiths","/mugshots/terry-giffiths-snooker-player","Short biography","32","Short biography (25–39 words); consider more career detail. Undated current-role/time-sensitive wording: verify it is still accurate.","Terrence ""Terry"" Griffiths, OBE is a retired Welsh snooker player and current snooker coach and pundit. He won the World Championship in 1979 at the first attempt, and reached the 1988 final.",""
"Terry Waite","/mugshots/terry-waite-journalist-writer","Short biography","30","Short biography (25–39 words); consider more career detail.","Terence Hardy ""Terry"" Waite CBE is an English humanitarian and author. Waite was the Assistant for Anglican Communion Affairs for the then Archbishop of Canterbury, Robert Runcie, in the 1980s.",""
"Tilly Ramsey","/mugshots/tilly-ramsey-tv-personality","Short biography","31","Short biography (25–39 words); consider more career detail.","Matilda Elizabeth Ramsay is an English television presenter, chef and social media influencer best known for presenting the BBC cooking show Matilda and the Ramsay Bunch on CBBC alongside her family.",""
"Tim Brooke-Taylor","/mugshots/tim-brooke-taylor-comedian","Short biography","36","Short biography (25–39 words); consider more career detail.","Timothy Julian Brooke-Taylor OBE is an English comic actor. He became active in performing in comedy sketches while at Cambridge University, and became President of the Footlights club, touring internationally with the Footlights revue in 1964.",""
"Tim Healy","/mugshots/tim-healy-actor","Short biography","34","Short biography (25–39 words); consider more career detail.","Timothy Malcolm Healy is an English actor, best known for playing Dennis Patterson in the television series Auf Wiedersehen, Pet, Les/Lesley in the ITV comedy series Benidorm and Gastric in Still Open All Hours.",""
"Tim Peake","/mugshots/tim-peake-astronaut","Short biography","25","Short biography (25–39 words); consider more career detail.","Major Timothy Nigel “Tim” Peake CMG is a British Army Air Corps officer, European Space Agency astronaut and a former International Space Station crew member.",""
"Toby Foster","/mugshots/toby-foster-bbc-dj","Editorial review","43","Undated current-role/time-sensitive wording: verify it is still accurate.","Toby Foster is a British comedian, actor, radio presenter, promoter and festival producer. He went to the Barnburgh Junior School, followed by Lacewood Primary School, Dearneside Comprehensive and Wath Comprehensive in Rotherham. He is the current host of BBC Radio Sheffields breakfast programme.",""
"Tom Ball","/mugshots/tom-ball-entertainer","Editorial review","71","Undated current-role/time-sensitive wording: verify it is still accurate.","Tom Ball is a 25 year old singer, songwriter and teacher from Sussex who gained global acclaim as the runner up on Britain’s Got Talent (Jul 22) and recently as a golden buzzer finalist on America’s Got Talent All Stars (Feb 23).

After being described as ”exceptional” and “simply sensational” by BGT judges, Amanda Holden claimed Tom to be “One of the best singers the show had seen in 16 years”.",""
"Tony Blackburn","/mugshots/tony-blackburn-radio-presenter","Short biography","38","Short biography (25–39 words); consider more career detail.","Anthony Kenneth Blackburn is an English disc jockey, singer and TV presenter. He first achieved fame broadcasting on the pirate stations Radio Caroline and Radio London in the 1960s, before joining the BBC, on the BBC Light Programme.",""
"Tosin Cole","/mugshots/tosin-cole-doctor-who-assistant","Editorial review","47","Undated current-role/time-sensitive wording: verify it is still accurate.","Tosin Cole is a British actor. He is known for various roles in British television series and films. He began his on-screen career starring in The Cut and EastEnders, later securing a regular role as Neil Cooper in the soap opera Hollyoaks. And now Dr Who's Assistant",""
"Tracy Brabin","/mugshots/tracy-brabin-mp-actress","Short biography","35","Short biography (25–39 words); consider more career detail.","Tracy Lynn Brabin is a British Labour and Co-operative politician serving as the first Mayor of West Yorkshire since May 2021. She was the Member of Parliament for Batley and Spen from 2016 to 2021.",""
"Tyler West","/mugshots/tyler-west-radio-presenter","Editorial review","43","Undated current-role/time-sensitive wording: verify it is still accurate.","Tyler Mark West is an English television and radio presenter and DJ. He began his career presenting various shows on CBBC and currently presents weekday afternoons on Kiss FM. In 2022, he became a contestant on the 20th series of Strictly Come Dancing",""
"UEFA Trophy","/mugshots/uefa-trophy","Identity / non-celebrity review","29","Short biography (25–39 words); consider more career detail. Confirm identity/type first: ambiguous label, fictional character, mascot, object or waxwork.","The UEFA Europa League, formerly the UEFA Cup, is an annual football club competition organised since 1971 by the Union of European Football Associations for eligible European football clubs.",""
"Viper","/mugshots/viper-gladiator","Short biography","31","Short biography (25–39 words); consider more career detail.","Viper, the fearsome Gladiator from the BBC reboot, trades arena intensity for festive cheer in this Santa Radio MugShot 🎅💪. Proof that even the toughest heroes enjoy a cuppa with Santa!",""
"Vogue Williams","/mugshots/vogue-williams-model","Short biography","31","Short biography (25–39 words); consider more career detail.","Vogue Williams is an Irish model and media personality, known for participating in Dancing with the Stars and Stepping Out and for winning the 2015 series of Bear Grylls: Mission Survive.",""
"Wendi Peters","/mugshots/wendi-peters-actress","Short biography","34","Short biography (25–39 words); consider more career detail.","Wendi Louise Peters is an English actress. Peters began her acting career in theatre, with appearances in various productions including The Scarlet Pimpernel, Guys and Dolls, Into the Woods, Bedroom Farce and Noises Off.",""
"Will Young","/mugshots/will-young-singer","Short biography","36","Short biography (25–39 words); consider more career detail.","William Robert Young is a British singer-songwriter and actor who came to prominence after winning the 2002 inaugural series of the ITV talent contest Pop Idol, making him the first winner of the worldwide Idol franchise.",""
"Willie Thorne","/mugshots/willie-thorne-snooker-player","Short biography","26","Short biography (25–39 words); consider more career detail. Undated current-role/time-sensitive wording: verify it is still accurate.","William Joseph ""Willie"" Thorne is an English former professional snooker player who is now a sports commentator. He is most famous for winning the 1985 Classic.",""
"Wim Snape","/mugshots/wim-snape-actor","Short biography","29","Short biography (25–39 words); consider more career detail.","Wim Snape was born on 17 April 1985 in Sheffield, Yorkshire, England, UK. He is an actor, known for The Full Monty (1997), Coronation Street (1960) and Genesis (2018).",""
"Woody Ball","/mugshots/woody-ball-tv-personality","Editorial review","60","biography dominated by generic praise with no named career credits: ""charismatic TV personality, is best known for his engaging on-screen presence"" Undated current-role/time-sensitive wording: verify it is still accurate.","Woody Ball, the charismatic TV personality, is best known for his engaging on-screen presence and fun-loving personality. Frequently seen bringing smiles and laughter to audiences, Woody’s inclusion in the Santa Radio MugShots collection is a festive treat! Whether hosting shows or sharing stories, he’s a household favourite who now adds a touch of holiday cheer with the Santa Radio mug.",""
"Wynne Evans","/mugshots/wynne-evans-radio-presenter","Short biography","31","Short biography (25–39 words); consider more career detail.","Opera singer and BBC Radio Wales host Wynne Evans (aka Mr. GoCompare 🎶) belts out festive cheer with his Santa Radio MugShot 🎅☕. The voice, the mug, the moment – iconic.",""