Celebrity / record name,Page path,Category,Word count,Research reason,Current biography,Replacement content,Replacement word count,Research sources,Editorial notes
Adam English,/mugshots/adam-english-radio-presenter,Short biography,26,Short biography (25–39 words); consider more career detail. Undated current-role/time-sensitive wording: verify it is still accurate.,"Adam is an award winning presenter every weekday from 4pm on Union JACK Radio, Union JACK Rock and Union JACK Dance! Also now into Stand Up.","Adam English is a British radio presenter and comedian whose broadcasting work includes breakfast and drivetime shows on Union JACK Radio. His drivetime programme also aired across Union JACK Rock and Union JACK Dance. Alongside radio, he has explored stand-up comedy and hosted the station's Ones to Watch podcast, introducing audiences to emerging comedy performers.",55,https://www.comedy.co.uk/live/features/union-jack-radio-ones-to-watch-2022/ | https://www.4rfv.co.uk/industrynews/277763/jack_media_expands_union_jack_radio_drivetime_show,
Adam Kay,/mugshots/adam-kay-comedian,Short biography,31,Short biography (25–39 words); consider more career detail.,"Multi-award-winning, multi-million-copy bestselling author of This is Going to Hurt & Twas the Nightshift Before Christmas, editor of Dear NHS and author of kids' books Kay's Anatomy & Kay's Marvellous Medicine.","Adam Kay is a writer, comedian and former junior doctor best known for This Is Going to Hurt, his bestselling account of life on the NHS frontline. He also adapted the book for television. His other titles include Twas the Nightshift Before Christmas and Undoctored, while younger readers know him through Kay's Anatomy and Kay's Marvellous Medicine.",57,https://www.adamkay.co.uk/,
Ainsley Harriott,/mugshots/ainsley-harriott-presenter-chef,Short biography,26,Short biography (25–39 words); consider more career detail.,"Ainsley Harriott is an English chef, television presenter, and entertainer. He is known for his BBC cooking shows Can't Cook, Won't Cook and Ready Steady Cook.","Ainsley Harriott is a British chef, television presenter and cookbook author best known for Ready Steady Cook and Can't Cook, Won't Cook. He trained at Westminster College and worked in professional kitchens before becoming a familiar face on television. His programmes combine practical recipes with his unmistakable enthusiasm, and he received an MBE in 2020 for services to broadcasting and the culinary arts.",63,https://www.ainsley-harriott.com/biography/,
Amanda Lamb,/mugshots/amanda-lamb-tv-presenter,Short biography,29,Short biography (25–39 words); consider more career detail.,Amanda Lamb is an English television presenter and former model who was notable for presenting A Place in the Sun from 2001 until 2006 and You Deserve This House.,"Amanda Lamb is a British television presenter and former model best known for helping house hunters explore overseas properties on Channel 4's A Place in the Sun. Her presenting credits also include You Deserve This House. Before her television career, she spent ten years as the face of Scottish Widows, appearing in the company's distinctive advertising campaigns.",57,https://en.wikipedia.org/wiki/Amanda_Lamb,
Andy Hamilton,/mugshots/andy-hamilton-comedian-writer,Very short biography,18,Very short biography (under 25 words); add career highlights.,"Andrew Neil Hamilton is a British comedian, game show panellist, television director, comedy screenwriter, radio dramatist, and novelist.","Andy Hamilton is a British comedian, writer and performer whose work spans television, radio and fiction. With Guy Jenkin, he co-created the sitcoms Drop the Dead Donkey and Outnumbered. He also wrote and starred in BBC Radio 4's Old Harry's Game, playing Satan, and is known to panel-show audiences for his dry humour and quick responses.",56,https://en.wikipedia.org/wiki/Andy_Hamilton,
Anna-Jane Casey,/mugshots/anna-jane-cassey-actress,Very short biography,17,Very short biography (under 25 words); add career highlights.,"Anna-Jane Casey is an English singer, dancer and actress best known for her work in musical theatre.","Anna-Jane Casey is a British actress, singer and dancer with an extensive career in musical theatre. Her stage credits include Cats, Chicago, West Side Story and Starlight Express, alongside appearances in London productions of Grease and Joseph and the Amazing Technicolor Dreamcoat. She has performed leading roles in both West End and regional productions, combining acting with singing and dance.",60,https://bristololdvic.org.uk/profile/anna-jane-casey,
Barry McGuigan,/mugshots/barry-mcguigan-boxer,Short biography,35,Short biography (25–39 words); consider more career detail. Undated current-role/time-sensitive wording: verify it is still accurate.,"Finbar Patrick McGuigan MBE is an Irish retired professional boxer and current boxing promoter. Born in Clones, County Monaghan, Ireland, McGuigan was nicknamed The Clones Cyclone and became the WBA and lineal featherweight world champion.","Barry McGuigan is an Irish former boxer, broadcaster and boxing promoter known as the Clones Cyclone. He won the WBA featherweight world title in 1985 by defeating Eusebio Pedroza in London, having also held British and European titles. Following his retirement from the ring, he moved into commentary and promotion, extending a career closely associated with professional boxing.",58,https://www.rte.ie/archives/profiles/mcguigan-barry/,
Ben Adams,/mugshots/ben-adams-a1-singer,Very short biography,20,Very short biography (under 25 words); add career highlights.,"Benjamin Edward Stephen Adams is an English singer and songwriter, best known as a member of the boy band a1","Ben Adams is a British singer and songwriter best known as a member of the British-Norwegian pop group a1. The band's hits include Take On Me, Same Old Brand New You and Caught in the Middle. His work with a1 includes both performing and songwriting, with writing credits on the latter two singles alongside his fellow band members and collaborators.",60,https://en.wikipedia.org/wiki/Ben_Adams,
Ben Nealon,/mugshots/ben-nealon-actor-obe,Very short biography,19,Very short biography (under 25 words); add career highlights.,Benjamin Nealon OBE is best known for playing 2nd Lt/Lt/Capt Jeremy Forsythe in the ITV award-winning series Soldier Soldier.,"Ben Nealon is a British actor best known for playing Jeremy Forsythe in ITV's Soldier Soldier. His screen work includes the Indian films Lagaan and Mangal Pandey: The Rising, alongside television drama and stage productions. Away from acting, he has supported the water and sanitation charity Pump Aid and received an OBE in 2012 for his services to the organisation.",60,https://bennealon.com/,
Big John Harrison,/mugshots/big-john-harrison-radio-presenter,Short biography,33,Short biography (25–39 words); consider more career detail.,"Big John Harrison is the larger-than-life voice of mornings on Hallam FM. With years of breakfast show brilliance under his belt, he’s a firm favourite for laughs and local love across South Yorkshire.","Big John Harrison is a radio presenter associated with South Yorkshire's Hallam FM breakfast show, Big John at Breakfast. Working alongside Liesl Soards and producer James Crookes, he became a familiar voice for listeners across the region. The team's broadcasting partnership also continued through a weekly podcast, bringing their conversation and comedy to audiences beyond the original breakfast programme.",59,https://bigjohnharrison.podbean.com/ | https://radiotoday.co.uk/2007/08/hallams-big-party-for-big-john/,
Brendan Rodgers,/mugshots/brendan-rodgers-leicester-city-manager,Very short biography,22,Very short biography (under 25 words); add career highlights.,Brendan Rodgers is a Northern Irish professional football manager and former player who is the manager of Premier League club Leicester City.,"Brendan Rodgers is a Northern Irish football manager whose career has included Swansea City, Liverpool, Celtic and Leicester City. He took Swansea into the Premier League and later led Liverpool during their 2013-14 title challenge. His managerial work has spanned English and Scottish football, building on a coaching career that began after injury curtailed his ambitions as a player.",59,https://www.liverpoolfc.com/info/brendan-rodgers,
Brendon O'Carroll,/mugshots/brendan-o-carroll-actor-mrs-brown,Short biography,33,Short biography (25–39 words); consider more career detail.,"Brendan O Carroll is an Irish writer, producer, comedian, actor, and director, best known for portraying foul-mouthed matriarch Agnes Brown on stage, and in the BBC and RTÉ television sitcom Mrs. Browns Boys.","Brendan O'Carroll is an Irish comedian, actor and writer best known as the creator and performer of Agnes Brown in Mrs Brown's Boys. The character developed across his stage and television work, with the sitcom becoming a major BBC and RTÉ production. Born in Dublin, O'Carroll has also worked as a producer and director, bringing the Brown family's comedy to wider audiences.",62,https://obrien.ie/brendan-ocarroll,Name rendered as Brendan O'Carroll in the replacement. Original record name and page path retained for import matching.
Calvin Moyo,/mugshots/calvin-moyo-boxer,Short biography,26,"Short biography (25–39 words); consider more career detail. generic praise: ""up-and-coming boxer with a promising future"" with no named career credits.","Calvin Moyo is an up-and-coming boxer with a promising future. Representing the next generation of British boxing, he brings discipline, speed, and power to every fight.","Calvin Moyo is a Zimbabwe-born professional boxer associated with Doncaster and the South Yorkshire boxing scene. He made a winning professional debut in 2024, beating Sheffield's Paul Scaife on points over four rounds on a GBM promotion. Moyo has also worked as an engineering technician, balancing his career outside the ring with training and competition in professional boxing.",58,https://www.heraldonline.co.zw/bulawayo-born-boxer-wins-debut-professional-fight/,
Captain Sensible,/mugshots/captain-sensible-singer,Short biography,32,Short biography (25–39 words); consider more career detail.,"Raymond Ian Burns, known by the stage name Captain Sensible, is an English singer, songwriter and guitarist. Sensible co-founded the punk rock band The Damned, originally playing bass before switching to guitar.","Captain Sensible is the stage name of Raymond Burns, a British singer, songwriter and musician who co-founded The Damned. Initially the band's bassist, he later moved to guitar and also established a solo career. His version of Happy Talk reached number one in the UK in 1982, while Wot became another recognisable solo hit alongside his work in punk rock.",60,https://en.wikipedia.org/wiki/Captain_Sensible,
Catherine Tyldesley,/mugshots/catherine-tyldesley-actor,Short biography,32,Short biography (25–39 words); consider more career detail.,"From Coronation Street to Strictly, Catherine Tyldesley shines on screen and stage. Her Santa Radio MugShot 🎅✨ captures her glamorous Christmas spirit – and yes, she makes holding a mug look fabulous.","Catherine Tyldesley is a British actress and singer best known for playing Eva Price in Coronation Street. Her television work also includes Iris Moss in the BBC drama Lilies and Karen Norris in the sitcom Scarborough. A graduate of Birmingham School of Acting, she has worked across drama, comedy and music, as well as appearing as a contestant on Strictly Come Dancing.",62,https://en.wikipedia.org/wiki/Catherine_Tyldesley,
Cherry Bear,/mugshots/cherry-bear-mascot,Identity / non-celebrity review,19,"Very short biography (under 25 words); add career highlights. Confirm identity/type first: ambiguous label, fictional character, mascot, object or waxwork.",AFC Bournemouth's mascot Cherry Bear is responsible for one of the longest running sponsorship deals in the club's history.,"Cherry Bear is AFC Bournemouth's club mascot, representing the Cherries and meeting supporters as part of the matchday experience. The mascot appears in the club's family activities and pre-match entertainment, helping younger fans enjoy their visit to the stadium. With a name inspired by Bournemouth's club nickname, Cherry Bear brings a playful character to the team's supporter events.",58,https://images.gc.afcbournemouthservices.co.uk/40f2ef90-0671-11f1-be90-d915e1ea0e31.pdf,
Chris Smith,/mugshots/chris-smith-radio-presenter,Short biography,34,Short biography (25–39 words); consider more career detail.,"Christopher Smith, known professionally as Chris Smith, is an English radio newsreader. He is most famous for presenting Newsbeat on BBC Radio 1 and co-hosting the That's What He Said Podcast alongside Greg James.","Chris Smith is a British author and broadcaster known for his work as a newsreader on BBC Radio 1's Newsbeat. With Greg James, he created the Kid Normal children's book series and co-hosted the That's What He Said podcast. His solo writing includes Frankie Best Hates Quests, bringing his career from radio news into children's fiction and storytelling.",58,https://www.hachette.co.uk/contributor/chris-smith-2/,
Chris Walker,/mugshots/chris-walker-actor,Short biography,29,Short biography (25–39 words); consider more career detail.,"Christopher Walker is an English actor, known for his roles as Matthew Mullen in the BBC drama Playing the Field and Rob Hollins in the BBC soap opera Doctors.","Chris Walker is a British actor and director best known for playing police officer Rob Hollins in the BBC daytime drama Doctors. He portrayed the character from 2009 until the programme's final episode in 2024. His other television roles include Matthew Mullen in Playing the Field, and he shared a British Soap Award with his Doctors co-star Jan Pearson.",59,https://en.wikipedia.org/wiki/Chris_Walker_%28actor%29,
Chris Wilder,/mugshots/chris-wilder-sheffield-united-manager,Short biography,29,Short biography (25–39 words); consider more career detail. Undated current-role/time-sensitive wording: verify it is still accurate.,Christopher John Wilder is an English professional football manager and former player who played as a right-back. He was most recently the manager of EFL Championship club Sheffield United.,"Chris Wilder is an English football manager and former player whose career is closely associated with Sheffield United. He guided the Blades to the League One title in 2017 and promotion to the Premier League in 2019. His management work has also included other English clubs, following a playing career in which he operated as a right-back.",57,https://en.wikipedia.org/wiki/Chris_Wilder,
Claudia Winkleman,/mugshots/claudia-winkleman-presenter,Short biography,28,Short biography (25–39 words); consider more career detail.,"Claudia Anne Winkleman is an English television presenter, model, film critic, radio personality, and journalist. Between 2004 and 2010, she Co presents Strictly Come Dancing on BBC 1.","Claudia Winkleman is a British television and radio presenter known for her work on Strictly Come Dancing, The Traitors and Channel 4's The Piano. Her career includes entertainment, film coverage and broadcasting, with programmes ranging from dance competitions to social-strategy games. Her distinctive presenting style combines humour and conversation across several different formats, making her a recognisable figure on British television.",61,https://en.wikipedia.org/wiki/Claudia_Winkleman,
Clinton Baptiste,/mugshots/clinton-baptise-psychic,Short biography,32,Short biography (25–39 words); consider more career detail.,"Alex Lowe is an English actor, comedian and voice artist. He is the creator and performer behind the character Clinton Baptiste, originally seen in Phoenix Nights, as whom he has since toured.","Clinton Baptiste is the fictional clairvoyant created and performed by comedian Alex Lowe. First seen in Peter Kay's Phoenix Nights, the character is known for his confidently disastrous readings and awkward messages from the spirit world. Lowe has developed the act into live shows and touring performances, giving audiences more of the comedy medium's questionable predictions and spectacularly misplaced confidence.",60,https://www.clintonbaptiste.com/home,
Colin Patterson,/mugshots/colin-patterson-bbc,Short biography,30,Short biography (25–39 words); consider more career detail.,Colin Paterson is a Scottish journalist and broadcaster who is an Arts and Entertainment correspondent for the BBC and has been a presenter and reporter on BBC Three's Liquid News.,"Colin Paterson is a Scottish journalist and broadcaster known for arts and entertainment reporting for the BBC. His career has included presenting and reporting on BBC Three's Liquid News, as well as earlier work for The Big Breakfast. His reporting covers the people and stories behind music, film and television, bringing entertainment news to broadcast audiences.",56,https://en.wikipedia.org/wiki/Colin_Paterson,Name rendered as Colin Paterson in the replacement. Original record name and page path retained for import matching.
Colson Smith,/mugshots/colson-smith-actor,Short biography,26,Short biography (25–39 words); consider more career detail.,"Colson Smith, Actor: Coronation Street. Colson Smith was born on August 13, 1998 in Castleford, Dorset, England. He is known for his work on Coronation Street","Colson Smith is a British actor best known for playing Craig Tinker in Coronation Street between 2011 and 2025. Born in Dorchester and raised in Castleford, he became familiar to viewers through the character's journey on the ITV soap. He has also appeared in television competitions, including The Games in 2022 and Celebrity Big Brother in 2024.",57,https://en.wikipedia.org/wiki/Colson_Smith,
Craig Gazey,/mugshots/craig-gazey-actor,Very short biography,23,Very short biography (under 25 words); add career highlights.,"Craig Gazey is a British stage and television actor, best known for his portrayal of Graeme Proctor in the ITV soap Coronation Street.",Craig Gazey is a British stage and television actor best known for playing Graeme Proctor in Coronation Street. His comic performance on the ITV soap earned him a British Soap Award for Best Comedy Performance. He trained at the Royal Welsh College of Music and Drama and has also worked in theatre and appeared in the television drama Criminal Justice.,60,https://en.wikipedia.org/wiki/Craig_Gazey,
Damian Williams,/mugshots/damian-williams-actor,Very short biography,23,Very short biography (under 25 words); add career highlights.,Essex By The Sea Actor . Shouts for money . Whiff in series 1&2 of Andy & The Band. Pictured with Paul Hendy,"Damian Williams is a British actor and comedy performer whose screen credits include Whiff in the children's series Andy and the Band. He also played Tommy Cooper in the short film The Last Laugh and appeared in the television series Up North. His work combines character comedy and acting, with performances across children's entertainment and other screen productions.",58,https://www.imdb.com/name/nm1281697/,
Dan Gillespie,/mugshots/dan-gillespie-the-felling-singer,Short biography,25,Short biography (25–39 words); consider more career detail.,"Daniel Giles Gillespie Sells is an English singer-songwriter and guitarist, best known as being the lead vocalist and frontman for the rock group The Feeling.","Dan Gillespie Sells is a British singer, songwriter and guitarist best known as the lead vocalist of The Feeling. The band's songs include Sewn and Fill My Little World, both of which carry his songwriting credits. His musical work also extends to theatre, including composing the score for Everybody's Talking About Jamie, bringing his songwriting from pop records to the stage.",61,https://en.wikipedia.org/wiki/Dan_Gillespie_Sells,Name rendered as Dan Gillespie Sells in the replacement. Original record name and page path retained for import matching.
Dan Walker,/mugshots/dan-walker-bbc-breakfast,Very short biography,23,Very short biography (under 25 words); add career highlights.,"Daniel Meirion Walker is an English journalist and television presenter, best known for presenting BBC television programmes including Football Focus and BBC Breakfast.","Dan Walker is a British journalist and broadcaster whose career spans sport, news and entertainment. He presented Football Focus for twelve years and BBC Breakfast for six before moving to Channel 5 News. His television work also includes The One Show and Songs of Praise, alongside coverage of major sporting events including World Cups, Olympic Games and Wimbledon.",58,https://www.danwalker.tv/about/,
Dave Vitty,/mugshots/dave-vitty-comedian,Short biography,31,Short biography (25–39 words); consider more career detail.,"David Lloyd Vitty is a radio presenter working in the UK. He worked alongside Chris Moyles at BBC Radio 1, having originally been a broadcast assistant on Moyles' early morning show.","Dave Vitty is a British radio presenter and writer widely known as Comedy Dave from The Chris Moyles Show on BBC Radio 1. He became a familiar part of the programme after beginning as a broadcast assistant. His work has also included television appearances and entertainment projects, extending his broadcasting profile beyond the radio studio and his long-running on-air partnership with Moyles.",62,https://en.wikipedia.org/wiki/David_Vitty,
David Baddiel,/mugshots/david-baddiel-comedian,Short biography,30,Short biography (25–39 words); consider more career detail.,"David Lionel Baddiel is an English comedian, novelist and television presenter. He is known for his work alongside Rob Newman in The Mary Whitehouse Experience and partnership with Frank Skinner.","David Baddiel is a British comedian, author and television presenter who became known through The Mary Whitehouse Experience and his comedy partnership with Rob Newman. He later worked with Frank Skinner across comedy and football-related entertainment. His career also includes writing fiction and non-fiction, bringing the observation and humour of his performance work into books for different audiences.",58,https://en.wikipedia.org/wiki/David_Baddiel,
David Davies,/mugshots/david-davies-former-executive-director-of-fa,Short biography,34,Short biography (25–39 words); consider more career detail.,"David Davies OBE is a British broadcaster and consultant, formerly the Executive Director of The Football Association in England. He is a regular contributor to BBC News television and radio programmes and other networks.","David Davies is a British broadcaster and football administrator who served as executive director of the Football Association. Before his work in football, his broadcasting career included reporting for BBC Wales and presenting or contributing to programmes such as Look North West and Nationwide. He received an OBE in 2007 for services to sport, reflecting his work in football administration.",60,https://en.wikipedia.org/wiki/David_Davies_%28football_administrator%29,
David Diamante,/mugshots/david-diamante-boxing-commentator,Very short biography,24,Very short biography (under 25 words); add career highlights.,"David Diamante is an American ring announcer. A popular ring announcer with DAZN, Diamante has been coined ""The Voice of Boxing"" by BBC Sport.","David Diamante is an American ring announcer whose voice is associated with major professional boxing events. His work includes broadcasts for DAZN, and he is recognisable for repeating fighters' surnames during introductions. Away from announcing, he founded a cigar lounge in Brooklyn. His career has also been recognised by the New York State Boxing Hall of Fame.",57,https://www.daviddiamante.com/,
Dene Michaels,/mugshots/dene-michaels-singer,Short biography,28,Short biography (25–39 words); consider more career detail.,"Black Lace is a British pop band, best known for novelty party records, including their biggest hit, ""Agadoo"". the UK based part-time band, featuring ex member Dene Michael.","Dene Michael is a British singer associated with Black Lace, the pop group known for party records including Agadoo. He joined the band in the 1980s, becoming part of its live and recording history after its best-known breakthrough hits. His screen credits include an appearance with Black Lace in Rita, Sue and Bob Too, linking his music career with British film.",61,https://www.imdb.com/name/nm3101539/,Name rendered as Dene Michael in the replacement. Original record name and page path retained for import matching.
Dermot O Leary,/mugshots/dermot-o-leary-radio-presenter,Very short biography,18,Very short biography (under 25 words); add career highlights. Undated current-role/time-sensitive wording: verify it is still accurate.,Sean Dermot Fintan O'Leary Jr is an English broadcaster who currently works for ITV and BBC Radio 2.,"Dermot O'Leary is a British broadcaster whose television career includes The X Factor, Big Brother's Little Brother and This Morning. He has also worked in radio, including XFM and BBC Radio 2. His presenting experience covers live entertainment, interviews and music programmes, making him familiar to both television viewers and radio listeners across a wide range of formats.",58,https://en.wikipedia.org/wiki/Dermot_O%27Leary,
Dolly Rose Campbell,/mugshots/dolly-rose-campbell-actress,Short biography,32,Short biography (25–39 words); consider more career detail.,"Dolly-Rose Campbell is an English actress, who has played Gemma Winter on the ITV soap opera Coronation Street since 2014. The most famous of her storylines was Gemma giving birth to quadruplets.","Dolly-Rose Campbell is a British actress best known for playing Gemma Winter in Coronation Street, a role she began in 2014. Gemma's storylines have included becoming a mother to quadruplets, giving Campbell both comic and dramatic material on the ITV soap. Her other screen credits include Doctors and the film Bound, alongside her long association with the cobbles.",58,https://en.wikipedia.org/wiki/Dolly-Rose_Campbell,
Emily Atack,/mugshots/emily-atack-actress,Short biography,27,Short biography (25–39 words); consider more career detail.,"Emily Jane Atack is an English actress, comedian, impressionist and television personality. She is best known for playing Charlotte Hinchcliffe on the E4 comedy series The Inbetweeners","Emily Atack is a British actress, comedian and television personality who became known as Charlotte Hinchcliffe in The Inbetweeners. Her screen career includes The Emily Atack Show, Tracey Ullman's Show and the television adaptation of Rivals. She has worked across scripted comedy, impressions and entertainment, moving between acting roles and programmes built around her own comedy performances.",57,https://en.wikipedia.org/wiki/Emily_Atack,
Everal A Walsh,/mugshots/everal-a-walsh-actor,Short biography,29,Short biography (25–39 words); consider more career detail.,Everal A. Walsh is a British actor. Working at the National Theatre including Amadeus on television and film including 2019 Movie The Favourite alongside Olivia Coleman and Emma Stone.,"Everal A. Walsh is a British actor and voice performer whose work spans film, television, theatre and games. His screen credits include The Favourite, Prime Suspect 5 and The Selfish Giant. He has also appeared in Max and Paddy's Road to Nowhere and performed voice roles in games such as The Witcher and Sacred 3, alongside work in radio drama.",60,https://www.everalwalsh.co.uk/,
Faye Tozer,/mugshots/faye-tozer-singer-dancer,Short biography,26,Short biography (25–39 words); consider more career detail.,"Faye Louise Tozer is an English singer-songwriter, dancer and stage actress, famous for being one of the three female co-lead singers of British pop group Steps.","Faye Tozer is a British singer, dancer and actress best known as a member of the pop group Steps. The band's catalogue includes Tragedy and Deeper Shade of Blue, combining pop vocals with choreographed performances. Her career also includes stage work and an appearance on Strictly Come Dancing in 2018, bringing her experience in music and dance to television competition.",60,https://en.wikipedia.org/wiki/Faye_Tozer,
Frank Skinner,/mugshots/frank-skinner-comedian,Short biography,26,Short biography (25–39 words); consider more career detail.,"Frank Skinner is an writer, comedian, TV and radio presenter, and actor. At the 2001 British Comedy Awards, he was awarded the Best Comedy Entertainment Personality.","Frank Skinner is a British comedian, writer and broadcaster whose career spans stand-up, television and radio. He is closely associated with fellow comedian David Baddiel, with whom he co-wrote and performed Three Lions alongside the Lightning Seeds. His work also includes books and live comedy, combining personal storytelling with the observations that established his name in British entertainment.",58,https://en.wikipedia.org/wiki/Frank_Skinner,
Freddie 'Parrot Face' Davies,/mugshots/freddie-parrot-face-davies-comedian,Short biography,29,Short biography (25–39 words); consider more career detail.,Freddie Davies is a British comedian and actor who achieved fame in 1964 via the television programme Opportunity Knocks and has since appeared in several television series and films.,"Freddie Davies is a British comedian and actor known for his Parrot Face persona. He came to national attention through Opportunity Knocks in 1964 before building a career in live comedy and television. His acting credits include Heartbeat, Casualty and Last of the Summer Wine, showing a screen career that extends beyond the comedy character audiences first knew.",58,https://en.wikipedia.org/wiki/Freddie_Davies,
Gareth Southgate,/mugshots/gareth-southgate-england-football-manager,Short biography,30,Short biography (25–39 words); consider more career detail.,Gareth Southgate OBE is an English football manager and former player who played as a defender and midfielder. He has been the manager of the England national team since 2016.,"Gareth Southgate is an English football manager and former international player who led England's men's team from 2016 to 2024. Under his management, England reached the 2018 World Cup semi-final and the finals of Euro 2020 and Euro 2024. His earlier career included playing for his country and club football before moving into management with Middlesbrough.",56,https://www.englandfootball.com/articles/2024/Jul/17/gareth-southgate-england-manager-in-numbers-20241707,
George Sampson,/mugshots/george-sampson-actor,Very short biography,9,"Very short biography (under 25 words); add career highlights. broken/truncated text: ""Currently playing Dean in @Jamiemusical tour. All links below"" Undated current-role/time-sensitive wording: verify it is still accurate.",Currently playing Dean in @Jamiemusical tour. All links below,"George Sampson is a British dancer and actor who won the second series of Britain's Got Talent in 2008. His street-dance performances led to work in the West End production Into the Hoods and the films StreetDance 3D and StreetDance 2. He has also appeared in television drama, building an acting career alongside the dance performances that first brought him national attention.",62,https://en.wikipedia.org/wiki/George_Sampson,
Gok Wan,/mugshots/gok-wan-tv-personality,Very short biography,21,Very short biography (under 25 words); add career highlights.,"Kowkhyn Wan MBE, known as Gok Wan, is a British fashion consultant, author, television presenter, actor, DJ, chef and event manager.","Gok Wan is a British fashion stylist, television presenter, author and DJ. He became widely known through How to Look Good Naked and went on to present programmes including Gok's Fashion Fix and Gok Cooks Chinese. His broadcasting work brings together fashion, food and entertainment, while his wider career includes writing and music alongside his television presenting.",57,https://en.wikipedia.org/wiki/Gok_Wan,
Gracie Malloy,/mugshots/gracie-malloy-singer,Very short biography,18,Very short biography (under 25 words); add career highlights.,Grace Malloy is a new music star singer & busker from Sheffield. As heard on BBC local radio.,"Gracie Malloy is a singer and busker from Sheffield who has been featured on BBC local radio. Her entry in the Santa Radio Mugshots collection recognises a performer from South Yorkshire's local music scene, alongside the gallery's television, radio and sporting personalities.",42,Supplied Current biography; independent biographical confirmation not found.,REVIEW: Independent biographical confirmation not found. Conservative expansion based on the supplied biography; please confirm the singer identity and BBC local radio detail.
Graeme Garden,/mugshots/graeme-garden-comedian,Short biography,35,Short biography (25–39 words); consider more career detail.,"David Graeme Garden OBE is a British comedian, actor, author, artist and television presenter, best known as a member of The Goodies and for being a cast member on I'm Sorry I Haven't a Clue.","Graeme Garden is a British comedian, actor and writer best known as one of The Goodies and for his work on I'm Sorry I Haven't a Clue. His career has combined television comedy with radio performance, writing and script editing. He received an OBE in 2011 for services to light entertainment, alongside his fellow Goodies performer Tim Brooke-Taylor.",58,https://en.wikipedia.org/wiki/Graeme_Garden,
Graziano Prima,/mugshots/graziano-prima-dancer,Very short biography,16,Very short biography (under 25 words); add career highlights.,Graziano Di Prima is an Italian dancer and choreographer. Known for Pro dancer onStrictly come dancing.,"Graziano Di Prima is an Italian professional dancer and choreographer whose television work includes Strictly Come Dancing. He joined the BBC series in 2018 and performed with celebrity partners across several series. His stage career also includes touring with Burn the Floor, bringing ballroom and Latin dance to theatre audiences as well as television viewers.",55,https://en.wikipedia.org/wiki/Graziano_Di_Prima,Name rendered as Graziano Di Prima in the replacement. Original record name and page path retained for import matching.
Greg James,/mugshots/greg-james-radio-presenter-dj,Short biography,34,Short biography (25–39 words); consider more career detail.,"Gregory James Alan Milward is an English radio DJ, television presenter and author. He hosts The Radio 1 Breakfast Show on BBC Radio 1 and co-presents the BBC television series Sounds Like Friday Night.","Greg James is a British radio presenter, broadcaster and author best known for his work on BBC Radio 1, including its Breakfast Show. His television credits include Sounds Like Friday Night. Alongside broadcasting, he has collaborated with Chris Smith on the Kid Normal children's books, extending their on-air partnership into fiction and storytelling for younger readers.",56,https://en.wikipedia.org/wiki/Greg_James,
Gwyneth Strong,/mugshots/gwyneth-strong-actress,Short biography,31,Short biography (25–39 words); consider more career detail.,"Gwyneth Strong is an English actress. She is best known for her role in the BBC sitcom Only Fools and Horses as Cassandra, the love interest and, later, wife of Rodney.","Gwyneth Strong is a British actress best known for playing Cassandra in Only Fools and Horses. The character became Rodney Trotter's partner and wife, placing her at the centre of many of the sitcom's family storylines. Her acting career began with theatre work at London's Royal Court, and her screen credits also include the film Nothing but the Night.",59,https://en.wikipedia.org/wiki/Gwyneth_Strong,
Harry Gration,/mugshots/harry-gration-presenter,Short biography,27,Short biography (25–39 words); consider more career detail.,"Harry Gration, MBE is an English journalist and broadcaster in Leeds. He is one of the main anchors for the BBC Yorkshire regional magazine programme Look North.","Harry Gration was a British journalist and broadcaster closely associated with BBC Yorkshire's Look North. His career also included sports presenting, with credits on the Super League Show, Match of the Day and Ski Sunday. A familiar face to viewers across Yorkshire, he died in 2022. His work across regional news and sports coverage made him a much-loved figure in Yorkshire broadcasting.",62,https://en.wikipedia.org/wiki/Harry_Gration,Written in past tense; date of death included.
Hayley Mills,/mugshots/hayley-mills-actress,Short biography,34,Short biography (25–39 words); consider more career detail.,"Hayley Catherine Rose Vivien Mills is an English actress. The daughter of Sir John Mills and Mary Hayley Bell, and younger sister of actress Juliet Mills, she began her acting career as a child","Hayley Mills is a British actress whose career began with the film Tiger Bay. She became an internationally recognised child star through Disney films including Pollyanna and The Parent Trap, in which she played twin sisters. Her other film work includes Whistle Down the Wind. The daughter of actor John Mills and writer Mary Hayley Bell, she has worked across film, television and theatre.",64,https://en.wikipedia.org/wiki/Hayley_Mills,
Howard Middleton,/mugshots/howard-middeton-great-british-bake-off,Short biography,31,Short biography (25–39 words); consider more career detail.,"Howard Middleton is an amateur chef and baker from Sheffield, Yorkshire, United Kingdom. Howard was a contestant on The Great British Bake Off Season 4 where he left on episode 6.","Howard Middleton is a British baker, food writer and presenter from Sheffield who appeared in the fourth series of The Great British Bake Off. His baking is associated with unusual ingredients and a creative approach to gluten-free recipes. Beyond the programme, he has taught baking classes, demonstrated at food festivals and contributed writing to Great British Chefs.",57,https://howardmiddleton.com/whos-howard,
Hugh Bonneville,/mugshots/hugh-bonneville-actor,Short biography,34,Short biography (25–39 words); consider more career detail.,"Hugh Richard Bonneville Williams DL is an English actor. He is best known for portraying Robert Crawley, Earl of Grantham, in the ITV historical drama series Downton Abbey. New book: Playing under my Piano.","Hugh Bonneville is a British actor best known for playing Robert Crawley, Earl of Grantham, in Downton Abbey. His career also includes film, television comedy and theatre, with credits ranging from Iris to Mr Stink and The Gold. He began his professional stage career at Regent's Park Open Air Theatre and is also the author of Playing Under the Piano.",60,https://www.hughbonneville.uk/biography,
Iain Stirling,/mugshots/iain-stirling-love-island-voice,Very short biography,13,Very short biography (under 25 words); add career highlights.,"Iain Andrew Stirling is a comedian, writer and television presenter from Edinburgh, Scotland.","Iain Stirling is a Scottish comedian, writer and broadcaster known for narrating Love Island. His television work also includes presenting The Dog Ate My Homework and writing and starring in the sitcom Buffering. Originally from Edinburgh, he has built a career across stand-up and screen comedy, combining live performance with the commentary and voice work familiar to television audiences.",59,https://en.wikipedia.org/wiki/Iain_Stirling,
Ian Waite,/mugshots/ian-waite-dancer,Very short biography,15,Very short biography (under 25 words); add career highlights.,"Ian Waite is a professional dancer specialising in Latin American dance, a teacher and choreographer.","Ian Waite is a British professional dancer, teacher and choreographer known for his work on Strictly Come Dancing. Specialising in Latin American dance, he has combined competitive dance experience with television performances and touring stage shows. His live work includes The Ballroom Boys with Vincent Simone, bringing ballroom entertainment to theatre audiences beyond the television dancefloor.",56,https://www.asmtalent.com/ian-waite,
James Burrows,/mugshots/james-burrows-actor,Very short biography,8,Very short biography (under 25 words); add career highlights.,Actor from Derby represented by Curtis brown London,"James Burrows is a British actor from Derby best known for playing Ali Neeson in Coronation Street between 2018 and 2020. His television credits also include Safe House and Mount Pleasant. His career spans soap opera and other television drama, with the role of Michelle Connor's son introducing him to a wide audience on the ITV series.",57,https://en.wikipedia.org/wiki/James_Burrows_%28actor%29,
James Quinn,/mugshots/james-quinn-actor,Very short biography,12,Very short biography (under 25 words); add career highlights.,"Actor, Writer, Voice Over Artist. Matchday commentator for FC United's FCUM Radio.","James Quinn is a British actor, writer and voice performer from Manchester, known for playing Phil in Early Doors and DS Keith Willets in Coronation Street. His screen credits include Fat Friends, Safe, Gentleman Jack and Apostasy. He has also worked in BBC radio drama and as a matchday commentator for FC United of Manchester's television and radio coverage.",59,https://www.loudandclearvoices.com/voice/james-quinn/ | https://www.homemcr.org/people/james-quinn-dqr9,
James Redmond,/mugshots/james-redmond-actor,Short biography,27,Short biography (25–39 words); consider more career detail.,"James William Forbes Redmond is an English actor, presenter, stand-up comedian and model, known for his roles as Abs Denham in Casualty and Rory Finnigan in Hollyoaks.","James Redmond is a British actor, presenter, comedian and former model best known for his roles as Rory Finnigan in Hollyoaks and Abs Denham in Casualty. He began his modelling career in Milan before moving into television. His work spans acting and live entertainment, with his soap and medical-drama roles making him familiar to British television audiences.",57,https://en.wikipedia.org/wiki/James_Redmond_%28actor%29,
Jamie Lomas,/mugshots/jamie-lomas-actor,Short biography,32,Short biography (25–39 words); consider more career detail.,"James Lomas is an English television actor, known for his roles as Warren Fox in Hollyoaks and Jake Stone in EastEnders and Jeff Durkin in Coronation Street. Lomas was born in Manchester.","Jamie Lomas is a British actor best known for playing Warren Fox in Hollyoaks and Jake Stone in EastEnders. Born in Manchester, he has worked across British television drama, with his soap roles bringing him to a wide audience. His career includes appearances in Coronation Street, alongside the long-running association with Hollyoaks for which he is particularly recognised.",58,https://en.wikipedia.org/wiki/Jamie_Lomas,
Jamie Vardy,/mugshots/jamie-vardy-leicester-city-england-footballer,Short biography,28,Short biography (25–39 words); consider more career detail.,Jamie Richard Vardy is an English professional footballer who plays as a striker for Premier League club Leicester City. Vardy has also played for the England national team.,"Jamie Vardy is an English footballer whose rise from non-League football to Leicester City made him one of the Premier League's best-known strikers. His early clubs included Stocksbridge Park Steels, FC Halifax Town and Fleetwood Town. He helped Leicester become Premier League champions in 2016 and also represented England, taking his career from local football to the international stage.",59,https://en.wikipedia.org/wiki/Jamie_Vardy,
Janette Manrara,/mugshots/janette-manara-dancer,Short biography,30,Short biography (25–39 words); consider more career detail.,"Janette Manrara is an American professional dancer and choreographer from Miami, Florida. Originally a Salsa dancer, learning from her Cuban family, she formally studied dance from the age of 19","Janette Manrara is an American dancer and television presenter from Miami, known to British audiences through Strictly Come Dancing. Her dance background includes salsa, ballroom, ballet and other styles, alongside experience on So You Think You Can Dance. Before becoming a full-time performer, she studied finance and worked in banking while continuing her dance training.",55,https://en.wikipedia.org/wiki/Janette_Manrara,
Jason Mohammad,/mugshots/jason-mohammed-bbc-sport,Short biography,28,Short biography (25–39 words); consider more career detail. Undated current-role/time-sensitive wording: verify it is still accurate.,Jason Mohammad is a Welsh radio and television presenter currently working for the BBC. He is the current host of Final Score on BBC One on Saturday afternoons.,"Jason Mohammad is a Welsh television and radio presenter known for BBC programmes including Final Score and Wales Today. His sports broadcasting has included snooker, football and rugby coverage, with work on events such as the World Snooker Championship and Six Nations. Born in Cardiff, he has built a career covering both news and sport for Welsh and wider UK audiences.",61,https://en.wikipedia.org/wiki/Jason_Mohammad,
Jeff Mostyn,/mugshots/jeff-mostyn-bournemouth-fc-chairman,Very short biography,12,Very short biography (under 25 words); add career highlights.,"Chairman of AFC Bournemouth. Number 1 Passion My Family, Friends & Football","Jeff Mostyn is a British businessman and former chairman of AFC Bournemouth, associated with the club's rise through the Football League to the Premier League. His work has included leadership and ambassadorial roles with the Cherries. He has also shared his experiences of business and football in public talks and in his book The Chairman: The Man Who Saved AFC Bournemouth.",61,https://www.bournemouth.ac.uk/news/2023-04-04/leadership-insights-shared-during-evening-dr-jeff-mostyn | https://books.google.com/books?id=e83h0QEACAAJ,
Jemma Lucy,/mugshots/jemma-lucy-reality-star,Short biography,26,Short biography (25–39 words); consider more career detail.,"Jemma Lucy is a British reality television personality and glamour model, best known for her role in Ex on the Beach series 3 and series 5.","Jemma Lucy is a British television personality and model known for appearing in the third and fifth series of MTV's Ex on the Beach. Her reality television credits also include Celebrity Big Brother in 2017 and Signed by Katie Price. Her screen career developed across several entertainment formats, with Ex on the Beach introducing her to a wider television audience.",60,https://en.wikipedia.org/wiki/Jemma_Lucy,
Jeremy Vine,/mugshots/jeremy-vine-radio-presenter,Short biography,33,Short biography (25–39 words); consider more career detail.,"Jeremy Vine is a veteran broadcaster and journalist, best known for his thought-provoking radio show and his time on BBC Radio 2. He mixes news, interviews and listener interaction with style and wit.","Jeremy Vine is a British journalist and broadcaster whose career spans BBC radio, television news and entertainment. He is known for his BBC Radio 2 programme, political reporting and election coverage, and presenting Points of View. He has also appeared as a contestant on Strictly Come Dancing, moving between current-affairs broadcasting and lighter television formats throughout his career.",58,https://en.wikipedia.org/wiki/Jeremy_Vine,
Jermaine Jenus,/mugshots/jermaine-jenus-footballer,Very short biography,14,Very short biography (under 25 words); add career highlights.,"Jermaine Anthony Jenas is an English television presenter, football pundit and retired professional footballer.","Jermaine Jenas is an English former professional footballer whose playing career included Nottingham Forest, Newcastle United, Tottenham Hotspur and Queens Park Rangers. A midfielder, he also represented England at international level. Following his playing career, he moved into football commentary, punditry and television presenting, bringing his experience of professional football to audiences beyond the pitch.",55,https://en.wikipedia.org/wiki/Jermaine_Jenas,Name rendered as Jermaine Jenas in the replacement. Original record name and page path retained for import matching.
Jez Edwards,/mugshots/jez-edwards-tv-presenter,Short biography,33,Short biography (25–39 words); consider more career detail.,"Jez Edwards is a British actor best known for his work in advertising, presenting, and acting in series such as Coronation Street and ChuckleVision. He voices Cormac in the British dub of Chuggington.","Jez Edwards is a British actor and voice performer whose television credits include ChuckleVision and the comedy series Stupid. He has also voiced Cormac in the British version of the children's animation Chuggington. His work combines on-screen character performances with voice acting, bringing him to audiences through both live-action comedy and programmes made for younger viewers.",56,https://www.comedy.co.uk/people/jez-edwards/ | https://chuggington.fandom.com/wiki/Voice_Cast,
Jimmy Cricket,/mugshots/jimmy-cricket-comedian,Short biography,32,Short biography (25–39 words); consider more career detail.,"James Mulgrew, known professionally as Jimmy Cricket, is an Irish comedian. He first came to prominence as a comedian in the 1970s and has had his own shows on television and radio.","Jimmy Cricket is the stage name of James Mulgrew, a Northern Irish comedian known for family entertainment and live comic storytelling. He has worked in television, radio and live shows. His touring career has included appearances alongside entertainers such as Cannon and Ball, Frank Carson and The Krankies.",48,https://en.wikipedia.org/wiki/Jimmy_Cricket,
Jimmy White,/mugshots/jimmy-white-snooker-player,Very short biography,18,Very short biography (under 25 words); add career highlights. Undated current-role/time-sensitive wording: verify it is still accurate.,"James Warren White, MBE is an English professional snooker player who now competes with an invitational tour card.","Jimmy White is an English snooker player known as the Whirlwind and one of the sport's most familiar crowd favourites. His career includes ten ranking titles and six appearances in the World Championship final. He won the UK Championship in 1992 and made a maximum break at that year's World Championship, becoming the first left-handed player to achieve a Crucible 147.",61,https://www.wpbsa.com/player/jimmy-white/,
Joanne Clifton,/mugshots/joanne-clifton-dancer,Short biography,31,Short biography (25–39 words); consider more career detail.,"Joanne Clifton, is a British professional dancer, presenter, actress, and singer. She won the World Ballroom Showdance Championship in 2013, and won the European Professional Ballroom Championship and World Dancesport Games.","Joanne Clifton is a British dancer, singer and actress whose career spans competitive ballroom dance, television and musical theatre. She won Strictly Come Dancing in 2016 with celebrity partner Ore Oduba. Her performing experience also includes Burn the Floor and stage musicals, building on an international ballroom career that included the World Ballroom Showdance Championship title.",56,https://en.wikipedia.org/wiki/Joanne_Clifton,
Joe Tasker and Harpz Kaur,/mugshots/joe-tasker-and-harpz-kaur-tv-presenter,Very short biography,16,Very short biography (under 25 words); add career highlights.,Asian Network’s Harpz Kaur and YouTuber Joe Tasker are the new presenters of CBBC's Saturday Mash-Up!,"Joe Tasker and Harpz Kaur are British broadcasters who presented CBBC's Saturday Mash-Up!, bringing games, guests and live entertainment to younger viewers. Tasker is also known for his online comedy videos and social-media content, while Kaur's broadcasting career includes BBC Asian Network. Their shared television work brought together their different backgrounds in digital entertainment and radio presenting.",57,https://en.wikipedia.org/wiki/Joe_Tasker_%28YouTuber%29,
Joel Ross,/mugshots/joel-ross-radio-presenter,Short biography,29,Short biography (25–39 words); consider more career detail. Undated current-role/time-sensitive wording: verify it is still accurate.,Joel Ross is a multi award winning British radio DJ and television presenter. He has worked with a co-host Jason King. He currently presents the Rock FM Breakfast Show.,"Joel Ross is a British radio and television presenter best known as one half of the broadcasting duo JK and Joel, alongside Jason King. The pair hosted BBC Radio 1's Official Chart and appeared in children's television programmes including Hider in the House. His wider career includes breakfast radio and entertainment presenting, following his early work with the duo.",59,https://en.wikipedia.org/wiki/Joel_Ross_%28DJ%29,
Johannes Radebe,/mugshots/johannes-radebe-dancer,Very short biography,18,Very short biography (under 25 words); add career highlights. Undated current-role/time-sensitive wording: verify it is still accurate.,Johannes Radebe is a South African dancer and choreographer. Now a pro dancer on Strictly on the BBC.,"Johannes Radebe is a South African dancer and choreographer known for his performances on Strictly Come Dancing. His career began in competitive ballroom and Latin dance and includes work with the touring production Burn the Floor. In 2021, he partnered John Whaite in Strictly's first all-male competitive pairing, bringing the partnership to the final of the BBC series.",58,https://en.wikipedia.org/wiki/Johannes_Radebe,
John Challis,/mugshots/john-challis-actor,Short biography,32,Short biography (25–39 words); consider more career detail.,"John Spurley Challis is an English actor best known for portraying Aubrey ""Boycie"" Boyce in the long-running BBC television comedy series Only Fools and Horses and its sequel/spin-off The Green Green Grass.","John Challis was a British actor best known for playing Boycie in Only Fools and Horses and its spin-off The Green Green Grass. His television career also included Monty in Benidorm, alongside extensive theatre work. He performed in National Theatre productions and touring plays, and died in 2021. His distinctive comic characters remain familiar to generations of television viewers.",59,https://en.wikipedia.org/wiki/John_Challis,Written in past tense; date of death included.
John Marquez,/mugshots/john-marquez-actor,Short biography,34,Short biography (25–39 words); consider more career detail.,"John Charles Marquez is a British actor and cinematographer, best known for his role as PC Joe Penhale in ITV drama series Doc Martin and Ray Wilson in BBC One's drama In The Club.","John Marquez is a British actor best known for playing PC Joe Penhale in ITV's Doc Martin and Ray Wilson in the BBC drama In the Club. His screen career includes television comedy and drama, alongside other acting work. Born in Coventry, he is also part of an acting family, with his brother Martin Marquez working in stage and television productions.",61,https://en.wikipedia.org/wiki/John_Marquez_%28actor%29,
John Sopel,/mugshots/john-sopel-correspondent,Short biography,30,Short biography (25–39 words); consider more career detail. Undated current-role/time-sensitive wording: verify it is still accurate.,"Jonathan B. Sopel is a British television presenter and correspondent for the BBC's international television news channel, BBC World News, currently serving as the North America Editor for the BBC.","Jon Sopel is a British journalist, broadcaster and author who served as the BBC's North America editor for eight years. In 2022, he launched The News Agents podcast with Emily Maitlis and Lewis Goodall. His books include If Only They Didn't Speak English and A Year at the Circus, drawing on his experience reporting on American politics and the White House.",61,https://www.penguinrandomhouse.com/authors/2055395/jon-sopel/,Name rendered as Jon Sopel in the replacement. Original record name and page path retained for import matching.
John Whaite,/mugshots/john-whaite-bake-off-winner,Short biography,28,Short biography (25–39 words); consider more career detail.,"John Whaite is an English baker who won the third series of The Great British Bake Off in 2012. He works as a chef, television presenter, and author.","John Whaite is a British baker, author and television personality who won the third series of The Great British Bake Off in 2012. His career developed into food writing and broadcasting after the competition. In 2021, he reached the Strictly Come Dancing final with Johannes Radebe, forming the first all-male competitive partnership in the programme's history.",56,https://www.hachette.co.uk/contributor/john-whaite-2/,
Johnny Ball,/mugshots/johnny-ball-tv-presenter,Very short biography,21,Very short biography (under 25 words); add career highlights.,"Johnny Ball is an English television personality, a populariser of mathematics and the father of BBC Radio 2 DJ Zoe Ball.","Johnny Ball is a British broadcaster and writer known for making mathematics and science accessible to younger audiences. His television programmes include Play School, Think of a Number and Think Again, combining explanation with games and demonstrations. His work has also extended to books and public appearances, encouraging audiences to explore numbers and scientific ideas with curiosity and humour.",59,https://en.wikipedia.org/wiki/Johnny_Ball,
Johnny Hates Jazz,/mugshots/johnny-hates-jazz-singers,Short biography,29,Short biography (25–39 words); consider more career detail. Undated current-role/time-sensitive wording: verify it is still accurate.,"Johnny Hates Jazz are a British band, currently consisting of Clark Datchler and Mike Nocito. In April 1987, they achieved international success with their first hit single ""Shattered Dreams.""","Johnny Hates Jazz are a British pop group associated with singer-songwriter Clark Datchler and producer Mike Nocito. They achieved international success with Shattered Dreams in 1987 and became known for polished pop songwriting and production. Their recording history includes work with the original line-up as well as later releases, linking their 1980s breakthrough with a continuing catalogue of music.",59,https://johnnyhatesjazz.com/bio/,
Johnny Vegas,/mugshots/johnny-vegas-actor-comedian,Short biography,31,Short biography (25–39 words); consider more career detail.,"Michael Joseph Pennington, better known as Johnny Vegas, is an English comedian and actor. He is known for his portly figure, angry comedic rants, surreal humour, northern accent, and husky voice.","Johnny Vegas is the stage name of Michael Pennington, a British comedian and actor known for his distinctive voice and surreal comic performances. His television roles include Moz in Ideal, Geoff Maltby in Benidorm and Eric Agnew in Still Open All Hours. His career spans stand-up, acting, writing and directing, combining live comedy with recognisable television characters.",57,https://en.wikipedia.org/wiki/Johnny_Vegas,
Jonathan Dimbleby,/mugshots/jonathan-dimbleby-tv-host,Short biography,35,Short biography (25–39 words); consider more career detail. Undated current-role/time-sensitive wording: verify it is still accurate.,"Jonathan Dimbleby is a British presenter of current affairs and political radio and television programmes, an author and historian. He is the son of Richard Dimbleby and younger brother of British TV presenter David Dimbleby.","Jonathan Dimbleby is a British broadcaster, author and historian whose career includes current-affairs programmes on radio and television. He is known for BBC Radio 4's Any Questions? and documentary presenting, including Russia: A Journey with Jonathan Dimbleby. The son of broadcaster Richard Dimbleby and brother of David Dimbleby, he has also written books alongside his journalism and presenting work.",59,https://en.wikipedia.org/wiki/Jonathan_Dimbleby,
Jonathan Swain,/mugshots/jonathan-swain-gmb-reporter,Very short biography,19,Very short biography (under 25 words); add career highlights.,"Dad, husband, usually do lots of stuff & news bloke from Good Morning Britain. Senior News Correspondent 
at GMB","Jonathan Swain is a British broadcast journalist known for reporting on ITV's Good Morning Britain. His career in breakfast television also includes GMTV and Daybreak, covering stories through live reports and correspondent work. His screen credits include ITV news coverage and special broadcasts, reflecting a career spent reporting for audiences across several generations of morning television.",56,https://en.wikipedia.org/wiki/List_of_Good_Morning_Britain_presenters,
Jorgie Porter,/mugshots/jorgie-porter-actress,Short biography,33,Short biography (25–39 words); consider more career detail.,Jorgina Porter is an English actress and model. She is known for portraying the role of Theresa McQueen in the Channel 4 soap opera Hollyoaks from 2008 until 2016 and again from 2020.,"Jorgie Porter is a British actress best known for playing Theresa McQueen in Hollyoaks. She joined the Channel 4 soap in 2008, with the character becoming part of the programme's McQueen family. Her wider television work includes the BBC revival of Are You Being Served?, alongside appearances in entertainment programmes, extending her profile beyond the role that first made her familiar to soap viewers.",64,https://en.wikipedia.org/wiki/Jorgie_Porter,
Ken Docherty,/mugshots/ken-docherty-snooker-player,Short biography,32,Short biography (25–39 words); consider more career detail.,"Ken Doherty is an Irish professional snooker player, commentator and radio presenter. As an amateur, Doherty won the Irish Amateur Championship twice, the World Under-21 Amateur Championship and the World Amateur Championship.","Ken Doherty is an Irish snooker player and broadcaster whose career includes winning the World Snooker Championship in 1997. Before his professional success, he won the World Amateur and World Under-21 titles. His career also includes commentary and radio presenting, combining his experience as a player with broadcasting work and a long association with international snooker.",56,https://en.wikipedia.org/wiki/Ken_Doherty,Name rendered as Ken Doherty in the replacement. Original record name and page path retained for import matching.
Kevin Kennedy,/mugshots/kevin-kennedy-actor,Short biography,30,Short biography (25–39 words); consider more career detail.,"Known to millions as Curly Watts from Coronation Street, Kevin Kennedy is a soap legend. His Santa Radio MugShot is giving nostalgic cheer with a generous helping of Corrie charm.","Kevin Kennedy is a British actor and musician best known for playing Norman 'Curly' Watts in Coronation Street. He portrayed the character for twenty years, becoming a familiar part of the ITV soap's comic and dramatic storylines. His career has also included music and stage work, alongside television appearances such as his role in the BBC medical drama Holby City.",60,https://en.wikipedia.org/wiki/Kevin_Kennedy_%28actor%29,
Laurel and Hardy,/mugshots/laurel-and-hardy-comedians,Short biography,29,Short biography (25–39 words); consider more career detail.,Laurel and Hardy were a comedy double act during the early Classical Hollywood era of American cinema. The team was composed of Englishman Stan Laurel and American Oliver Hardy.,"Laurel and Hardy were the comedy partnership of British-born Stan Laurel and American Oliver Hardy. Their films combined visual comedy, escalating mishaps and the contrasting personalities of their screen characters. Their work includes Sons of the Desert, Way Out West and The Music Box, with performances spanning silent films and talking pictures. The duo remain closely associated with classic screen comedy.",61,https://en.wikipedia.org/wiki/Laurel_and_Hardy,"REVIEW: Biography describes the historical comedy duo. Confirm whether the photograph shows impersonators, figures or a tribute act, and adjust the profile identity accordingly."
Lauren Oakley,/mugshots/lauren-oakley-dancer,Short biography,31,Short biography (25–39 words); consider more career detail. Undated current-role/time-sensitive wording: verify it is still accurate.,Strictly Come Dancing pro Lauren Oakley lights up the dancefloor and now the Santa Radio wall. Her MugShot moment proves she’s got as much sparkle off the stage as on it.,"Lauren Oakley is a British professional dancer and choreographer from Birmingham who joined Strictly Come Dancing in 2022. Her earlier career included competitive ballroom and Latin dance, followed by stage performance and dance-captain work with Burn the Floor. Her television and theatre appearances build on that dance background, bringing experience from competition and touring productions to the BBC ballroom.",59,https://en.wikipedia.org/wiki/Lauren_Oakley,
Lauren Steadman,/mugshots/lauren-steadman-paralympic-athlete,Very short biography,20,Very short biography (under 25 words); add career highlights.,"Lauren Steadman is a British Paralympic athlete who has competed in three Summer Paralympics, in both swimming and the paratriathlon.","Lauren Steadman is a British Paralympic athlete whose sporting career spans swimming and paratriathlon. After competing as a swimmer, she moved into triathlon and won gold in the women's PTS5 event at the Tokyo Paralympic Games. She added bronze at Paris 2024, alongside achievements at World and European Championships, building an international career across two different Paralympic sports.",58,https://paralympics.org.uk/athletes/lauren-steadman,
Laurie Brett,/mugshots/laurie-brett-actress,Short biography,33,Short biography (25–39 words); consider more career detail.,"Laurie Brett is a Scottish actress, best known for her roles as Jane Beale in the BBC One soap opera EastEnders and Christine Mulgrew in the BBC One school-based drama series Waterloo Road.","Laurie Brett is a Scottish actress best known for playing Jane Beale in EastEnders and Christine Mulgrew in Waterloo Road. Her television career also includes The Bill and My Hero, while her stage work has included a touring production of Band of Gold. She has worked across soap opera, drama and theatre, bringing a range of characters to television and live audiences.",62,https://en.wikipedia.org/wiki/Laurie_Brett,
Liesl Soards,/mugshots/liesl-radio-presenter,Short biography,33,Short biography (25–39 words); consider more career detail.,"Liesl Soards is a bright and bubbly voice on the airwaves, known for her work on Hits Radio. Her infectious energy and warm personality make her a favourite with listeners across the UK.","Liesl Soards is a British radio presenter, producer and writer associated with Hallam FM and Hits Radio. She worked alongside Big John Harrison and producer James Crookes on the South Yorkshire breakfast show, with the team also continuing their partnership through podcasting. Her wider broadcasting background includes BBC work, alongside writing and live hosting away from the radio studio.",59,https://uk.linkedin.com/in/liesl-soards-presenter | https://bigjohnharrison.podbean.com/,
Lisa Maxwell,/mugshots/lisa-maxwell-actress,Short biography,30,Short biography (25–39 words); consider more career detail.,"Lisa Maxwell is an English actress and television presenter, best known for her roles in The Bill as Samantha Nixon, in EastEnders as Naomi and in Hollyoaks as Tracey Donavan.","Lisa Maxwell is a British actress, presenter and voice performer best known for playing Samantha Nixon in The Bill. Her television career includes The Lisa Maxwell Show and other comedy and drama appearances. She also provided the voice of Kira in The Dark Crystal, giving her a screen career that combines live-action roles, entertainment presenting and character voice work.",59,https://en.wikipedia.org/wiki/Lisa_Maxwell_%28actress%29,
Lorna Fitzgerald,/mugshots/lorna-fitzgerald-actress,Short biography,26,Short biography (25–39 words); consider more career detail.,Lorna Katie Fitzgerald is a British actress from Northampton. Her most notable role to date is that of Abi Branning in the BBC soap opera EastEnders.,"Lorna Fitzgerald is a British actress best known for playing Abi Branning in EastEnders. Originally from Northampton, she developed her television career on the BBC soap before moving into further stage and screen work after leaving in 2018. Her later screen credits include London Kills and The Loss Adjuster, extending her acting work beyond the character familiar to soap audiences.",60,https://en.wikipedia.org/wiki/Lorna_Fitzgerald,
Louise Rednapp,/mugshots/louise-rednapp-singer,Short biography,33,Short biography (25–39 words); consider more career detail.,"Louise Elizabeth Redknapp, is an English singer, songwriter and media personality. She was a member of Eternal, a R&B girl group which debuted in 1993 with their quadruple-platinum studio album Always & Forever.","Louise Redknapp is a British singer and performer who first became known as a member of Eternal, the R&B group behind the album Always & Forever. She subsequently developed a solo recording career and worked in television entertainment. Her career also includes reaching the final of Strictly Come Dancing in 2016, bringing her performance experience from pop music into ballroom and Latin dance.",63,https://en.wikipedia.org/wiki/Louise_Redknapp,Name rendered as Louise Redknapp in the replacement. Original record name and page path retained for import matching.
Marc Elliott,/mugshots/marc-elliott-actor,Short biography,27,Short biography (25–39 words); consider more career detail.,"Marc Gilbert F Elliott is an English actor from Stratford-upon-Avon, England, who is known for his role as Syed Masood in the BBC television soap opera EastEnders.","Marc Elliott is a British actor known for playing Syed Masood in EastEnders and Isaac Mayfield in Holby City. His performance in EastEnders earned him a British Soap Award, while his career also includes theatre work, such as The History Boys. Originally from Stratford-upon-Avon, he has worked across stage and screen, moving between soap opera, drama and live productions.",59,https://en.wikipedia.org/wiki/Marc_Elliott,
Mark Berry - Bez,/mugshots/bez-singer,Short biography,31,Short biography (25–39 words); consider more career detail.,"Mark Berry, better known as Bez, is an English percussionist, dancer, DJ and media personality. He is best known as a member of the rock bands Happy Mondays and Black Grape.","Bez is the stage name of Mark Berry, the British dancer and percussionist associated with Happy Mondays and Black Grape. Recognisable for his maracas and distinctive dance style, he became part of the Manchester music scene's public identity. His wider career includes DJ work and television appearances, extending the profile he established through his performances with the bands.",58,https://en.wikipedia.org/wiki/Bez_%28dancer%29,
Mark Read,/mugshots/mark-read-a1-singer,Short biography,25,Short biography (25–39 words); consider more career detail. Undated current-role/time-sensitive wording: verify it is still accurate.,"Mark Daniel Read is an English singer/songwriter, best known as member of the boy band A1 from 1998 to 2002, and 2009 to the present.","Mark Read is a British singer, songwriter and musician best known as a member of the British-Norwegian pop group a1. The band's catalogue includes the UK number-one singles Take On Me and Same Old Brand New You. Read is also credited as a co-writer of Same Old Brand New You, combining his performing role in the group with songwriting.",59,https://www.imdb.com/name/nm0971166/bio/ | https://en.wikipedia.org/wiki/Same_Old_Brand_New_You,
Mark Watson,/mugshots/mark-watson-comedian,Short biography,27,Short biography (25–39 words); consider more career detail.,"Mark Watson is a comedian, author and sports pundit. He did his first gig in 2002 and the same year won the Daily Telegraph Open Mic Competition.","Mark Watson is a British comedian and author whose career includes stand-up performance, writing and television comedy. He won the Daily Telegraph Open Mic competition in 2002, the year he began performing comedy. His work has since included touring shows, books and festival appearances, combining live performance with writing for audiences beyond the comedy stage.",55,https://en.wikipedia.org/wiki/Mark_Watson,
Martin Fry,/mugshots/martin-fry-abc,Very short biography,21,Very short biography (under 25 words); add career highlights.,"Martin David Fry is an English singer, songwriter, composer, musician, and record producer. Fry's music career spans more than 30 years.","Martin Fry is a British singer and songwriter best known as the lead vocalist of ABC. The group's breakthrough album The Lexicon of Love reached number one in the UK in 1982. Their songs include The Look of Love and When Smokey Sings, placing Fry's voice at the centre of a catalogue associated with polished pop and the 1980s music scene.",61,https://en.wikipedia.org/wiki/Martin_Fry,
Maxwell Thorpe,/mugshots/maxwell-thorpe-bgt-finalist,Very short biography,21,Very short biography (under 25 words); add career highlights.,Maxwell Thorpe is a classically trained operatic singer who began singing lessons when he was 14. Britains Got Talent Finalist 2022,"Maxwell Thorpe is a British singer who reached the final of Britain's Got Talent in 2022. Associated with Sheffield's busking scene, he brought his operatic singing to a national television audience through the competition. His performances connected the experience of singing in public spaces with the scale of a televised talent show, introducing viewers to his classical vocal style.",59,https://www.itv.com/news/calendar/2022-09-29/bgt-finalist-in-search-for-youngster-to-star-on-debut-single | https://www.itv.com/britainsgottalent/articles/britains-got-talent-2022-voting-percentages-revealed,
Megan McKenna,/mugshots/megan-mckenna-reality-star,Short biography,34,Short biography (25–39 words); consider more career detail.,"Megan Elizabeth McKenna is an English television personality and singer. After making appearances on Ex on the Beach, she received wider attention for appearing on Celebrity Big Brother and The Only Way Is Essex.","Megan McKenna is a British singer and television personality who first became widely known through reality programmes including Ex on the Beach and The Only Way Is Essex. She developed a recording career with her debut album Story of Me in 2018. In 2019, she won The X Factor: Celebrity, bringing her singing to a wider television audience.",58,https://en.wikipedia.org/wiki/Megan_McKenna,
Mike Bushell,/mugshots/mike-bushell-presenter,Short biography,27,Short biography (25–39 words); consider more career detail.,"Mike Bushell is a sports presenter for the BBC. He presents the sport on BBC Breakfast on Fridays and at the weekends, and sometimes on other weekdays.","Mike Bushell is a British sports broadcaster known for his work on BBC Breakfast. His television career has included presenting sports news and features, helping bring sporting stories to a general morning audience. Alongside his broadcasting, he appeared as a contestant on Strictly Come Dancing in 2019, moving from reporting on physical challenges to learning ballroom and Latin routines himself.",60,https://en.wikipedia.org/wiki/Mike_Bushell,
Mitchel Taylor and Ella Barnes,/mugshots/mitchel-taylor-ella-barnes-reality-tv,Very short biography,6,Very short biography (under 25 words); add career highlights.,Couple who split after Love Island,"Mitchel Taylor and Ella Barnes are British television personalities who appeared in the summer 2023 series of Love Island. Taylor entered the programme with a background as a gas engineer from Sheffield, while Barnes was introduced as a dancer and model from Kent. The programme introduced both contestants to a wider television audience through its villa challenges and relationships.",59,https://en.wikipedia.org/wiki/List_of_Love_Island_%282015_TV_series%29_contestants,
Mo Gilligan,/mugshots/mo-gilligan-comedian,Short biography,35,Short biography (25–39 words); consider more career detail.,"Mosiah Gilligan is a British stand-up comedian. After several years of uploading comedy clips to social media, he found global success in 2017. Host of the Brits in 2022 and Judge on Masked Singer 2021.","Mo Gilligan is a British comedian and television presenter who developed a wide audience through online comedy before moving into major television projects. His work includes The Lateish Show with Mo Gilligan, judging on The Masked Singer and hosting the BRIT Awards. His Netflix special Momentum also brought his stand-up to international viewers, alongside his live performances and broadcasting work.",60,https://en.wikipedia.org/wiki/Mo_Gilligan,
Molly Mae Love,/mugshots/molly-mae-love-island,Short biography,27,Short biography (25–39 words); consider more career detail.,Molly-Mae Hague was an Islander on Season 5 of the revived series of Love Island. Molly-Mae entered the villa on Day 4 and was crowned the runner-up,"Molly-Mae Hague is a British television personality and content creator who became widely known through Love Island in 2019. She finished as a runner-up in the fifth series of the revived programme. Her career developed beyond reality television into online content and business projects, making her familiar to audiences through both television appearances and her digital channels.",57,https://en.wikipedia.org/wiki/Molly-Mae_Hague,Name rendered as Molly-Mae Hague in the replacement. Original record name and page path retained for import matching.
Natalie Davies,/mugshots/natalie-davies-actress,Short biography,30,Short biography (25–39 words); consider more career detail.,"Natalie Davies was born on 15 August 1990 in Bradford, West Yorkshire, England, UK. She is an actress, known for Hullraisers (2022), Coronation Street (1960) and Eaten by Lions (2018)","Natalie Davies is a British actress from Bradford whose screen work includes Ashley in Channel 4's Hullraisers. Her other credits include Coronation Street, Eaten by Lions and the television continuation of The Full Monty. Her career spans comedy and drama, with roles in both film and television productions connecting her Yorkshire roots with a wider screen audience.",57,https://www.imdb.com/name/nm6497611/,
Neil Jones,/mugshots/neil-jones-dancer,Short biography,30,Short biography (25–39 words); consider more career detail.,Ballroom maestro Neil Jones brings his signature smoulder from Strictly Come Dancing to Santa Radio. This MugShot proves he can pull off festive with as much flair as a Foxtrot.,"Neil Jones is a British professional dancer and choreographer known for his work on Strictly Come Dancing, which he joined in 2016. His dance background includes national and world championship achievements in Latin dance. His Strictly work has included group routines, celebrity partnerships and specials, bringing experience from competitive dance to television entertainment and live performance.",56,https://en.wikipedia.org/wiki/Neil_Jones,
Neil McDermott,/mugshots/neil-mcdermott-eastenders-actor,Very short biography,24,Very short biography (under 25 words); add career highlights.,"Neil McDermott is a British stage and television actor, who is best known for portraying Ryan Malloy in the BBC television soap opera EastEnders.","Neil McDermott is a British stage and television actor best known for playing Ryan Malloy in EastEnders. His screen credits also include Doctor Who and The Royal. Alongside television drama, he has worked in musical theatre, including The Sound of Music, combining acting with stage performance and extending his career beyond the role familiar to BBC soap viewers.",58,https://en.wikipedia.org/wiki/Neil_McDermott,
Nev Wilshire,/mugshots/nev-wilshire-tv-personality,Very short biography,20,Very short biography (under 25 words); add career highlights. Undated current-role/time-sensitive wording: verify it is still accurate.,"Businessman, Speaker & Call Centre Napoleon from BBC's 'The Call Centre'. Love a catchphrase, now GET OUT of my office!","Nev Wilshire was a British businessman and television personality known for the BBC documentary series The Call Centre. The programme followed working life in a Swansea call centre, with his management style becoming a central part of the series. He later appeared in Nev's Indian Call Centre. His television appearances took his distinctive approach to management to a wider audience. He died in 2021.",64,https://www.tvmaze.com/people/112725/nev-wilshire | https://en.wikipedia.org/wiki/2021_in_British_television,Written in past tense; date of death included.
Nigel NG,/mugshots/nigel-ng-comedian,Very short biography,24,Very short biography (under 25 words); add career highlights.,"Nigel Ng, better known by his online persona Uncle Roger, is a Malaysian Chinese stand-up comedian and Internet celebrity based in London, United Kingdom.","Nigel Ng is a Malaysian comedian and online performer best known for creating Uncle Roger. The character's reactions to cooking videos introduced his comedy to a large international audience. His career also includes stand-up performances and television appearances, combining live comedy with the online sketches and commentary that made Uncle Roger a recognisable name across social media.",57,https://en.wikipedia.org/wiki/Nigel_Ng,
Paul Barber,/mugshots/paul-barber-actor,Short biography,34,Short biography (25–39 words); consider more career detail.,"Paul Barber is an English actor from Liverpool. In a career spanning more than 45 years, he is best known for playing Denzil in Only Fools and Horses and Horse in The Full Monty.","Paul Barber is a British actor from Liverpool best known for playing Denzil in Only Fools and Horses and Horse in The Full Monty. His film career also includes Porridge, The Long Good Friday and The 51st State. His work spans comedy and drama, with his television and film characters making him familiar to several generations of audiences.",58,https://en.wikipedia.org/wiki/Paul_Barber_%28actor%29,
Paul Burrell,/mugshots/paul-burrell-royal-butler,Short biography,25,Short biography (25–39 words); consider more career detail.,Official Paul Burrell Twitter Account. Former Footman to HM Majesty Queen Elizabeth ll and Butler to the late Princess Diana. New York Times Bestselling Author.,"Paul Burrell is a British author and television personality who worked in the Royal Household, including as a footman to Queen Elizabeth II and butler to Diana, Princess of Wales. His writing draws on his experiences in royal service, with memoirs bringing those years to a wider readership. His later career has included television appearances and public discussion of royal life.",61,https://en.wikipedia.org/wiki/Paul_Burrell,
Paul Martin,/mugshots/paul-martin-tv-personality,Short biography,35,Short biography (25–39 words); consider more career detail.,"Paul Martin is a British antiques dealer and professional drummer, best known for being the presenter of various BBC television antiques programmes including Flog It!, Trust Me, I'm a Dealer and Paul Martin's Handmade Revolution","Paul Martin is a British antiques dealer and television presenter best known for the BBC series Flog It! His presenting credits also include Trust Me, I'm a Dealer and Paul Martin's Handmade Revolution. His broadcasting work explores antiques, collecting and craftsmanship, drawing on his experience in the trade. Away from presenting and dealing, his background also includes work as a musician.",61,https://en.wikipedia.org/wiki/Paul_Martin_%28TV_presenter%29,
Pippa Tarrant,/mugshots/pippa-tarrant-broadcaster,Short biography,35,Short biography (25–39 words); consider more career detail.,"Philippa Claire Tarrant is a British radio producer, presenter, and book author who has worked as executive producer on the Chris Moyles Breakfast show on Radio X since the show started on 21 September 2015.","Pippa Tarrant is a British radio producer and broadcaster associated with The Chris Moyles Show on Radio X. Also known professionally as Pippa Taylor, she has worked in radio production and presenting, with earlier experience at BBC Radio 1. Her career includes executive-producing the Radio X programme, combining work behind the scenes with contributions familiar to the show's listeners.",59,https://shows.acast.com/re-producer/episodes/r-producer-pippa-taylor,
"Raven, Terri Harper and Stevi",/mugshots/raven-chapman-terri-harper-stevi-levy-boxers,Short biography,27,Short biography (25–39 words); consider more career detail.,Professional Boxer undefeated in 12 contest Boxing glove WBC/IBO World Champion. signed to matchroomboxing. Managed and coached by StefyBull. Pictured with boxers Stevi Levy and Raven Chapman,"Raven Chapman, Terri Harper and Stevi Levy are British professional boxers represented together in this group entry. Harper has won world titles across multiple weight divisions, while Chapman has competed at featherweight world-title level. Levy, known as Super Stevi, is associated with King's Lynn. Together, the three fighters represent different paths through professional boxing, from domestic competition to world championship bouts.",61,https://en.wikipedia.org/wiki/Terri_Harper | https://en.wikipedia.org/wiki/Raven_Chapman | https://boxrec.com/wiki/index.php/Stevi_Levy,
Reginald D Hunter,/mugshots/reginald-d-hunter-comedian,Very short biography,13,Very short biography (under 25 words); add career highlights.,Reginald Darnell Hunter is an American stand-up comedian based in the United Kingdom.,"Reginald D. Hunter is an American stand-up comedian who established his career in the UK after travelling to London to study acting. His comedy work includes live performances, touring shows and television appearances. Originally from the United States, he brings that perspective to his observations about British life, culture and everyday situations, combining storytelling with stand-up performance.",57,https://en.wikipedia.org/wiki/Reginald_D._Hunter,
Richard Blackwood,/mugshots/richard-blackwood-actor,Short biography,33,Short biography (25–39 words); consider more career detail. Undated current-role/time-sensitive wording: verify it is still accurate.,"Richard Blackwood is an actor, presenter and rapper. Between 2015 and 2018, he played Vincent Hubbard in the BBC soap EastEnders. Now touring in various shows including Shrek and Aladdin during Christmas 2019.","Richard Blackwood is a British comedian, actor and presenter best known for playing Vincent Hubbard in EastEnders and Felix Westwood in Hollyoaks. His career has also included music and entertainment presenting. Moving between comedy, soap opera and stage work, he has built a screen profile that spans both scripted drama and programmes featuring him as a performer and host.",59,https://en.wikipedia.org/wiki/Richard_Blackwood,
Richard Curtis,/mugshots/richard-curts-writer,Short biography,28,"Short biography (25–39 words); consider more career detail. broken/truncated text: 'known primarily for romantic comedy films,'","Richard Whalley Anthony Curtis CBE is a British screenwriter, producer and film director. One of Britain's most successful comedy screenwriters, he is known primarily for romantic comedy films,","Richard Curtis is a British screenwriter, producer and director known for romantic comedies including Four Weddings and a Funeral, Notting Hill and Love Actually. His film work also includes Bridget Jones's Diary and About Time. His career combines writing with directing and production, helping shape several of the most recognisable British screen comedies of the past few decades.",58,https://en.wikipedia.org/wiki/Richard_Curtis,
Rob Rouse,/mugshots/rob-rouse-comedian-presenter,Very short biography,6,Very short biography (under 25 words); add career highlights.,Rob Rouse is an English comedian.,"Rob Rouse is a British comedian and actor known for playing Bottom in the BBC sitcom Upstart Crow. Before entering comedy, he trained as a geography teacher, then won the So You Think You're Funny? competition in 1998. His television work also includes The Friday Night Project and Grownups, alongside touring stand-up and comedy-club performances.",55,https://en.wikipedia.org/wiki/Rob_Rouse,
Rose Ayling-Ellis,/mugshots/rose-ayling-ellis-actress,Short biography,34,Short biography (25–39 words); consider more career detail.,"Rose Lucinda Ayling-Ellis is an English actress. Deaf since birth, she is a British Sign Language user. She is best known for playing the role of Frankie Lewis, in the BBC soap opera EastEnders.","Rose Ayling-Ellis is a British actress and presenter who played Frankie Lewis in EastEnders. In 2021, she became the first deaf winner of Strictly Come Dancing, partnering Giovanni Pernice. A British Sign Language user, she has also presented the documentary Signs for Change, bringing her experience to television work exploring deaf identity and communication alongside her acting career.",58,https://en.wikipedia.org/wiki/Rose_Ayling-Ellis,
Roy Hodgeson,/mugshots/roy-hodgeson-crystal-palace-football-manager,Short biography,31,Short biography (25–39 words); consider more career detail.,"Roy Hodgson CBE is an English former football manager and former player. He has managed 16 different teams in eight countries, beginning in Sweden with Halmstads BK in the 1976 season.","Roy Hodgson is an English football manager and former player whose coaching career has included club and international teams across several countries. His work began with Halmstads in Sweden in 1976 and later included Crystal Palace and other English clubs. His career is associated with decades of football management, spanning different leagues and football cultures rather than a single team.",60,https://en.wikipedia.org/wiki/List_of_Crystal_Palace_F.C._managers,Name rendered as Roy Hodgson in the replacement. Original record name and page path retained for import matching.
Sam Lightfoot,/mugshots/sam-lightfoot-boxer,Short biography,33,Short biography (25–39 words); consider more career detail. Undated current-role/time-sensitive wording: verify it is still accurate.,Rising boxing talent Sam Lightfoot packs a punch in and out of the ring — and now he’s throwing festive jabs with his Santa Radio MugShot 🎅🥊. A knockout addition to the collection!,"Sam Lightfoot is a British boxer whose background includes competition in England Boxing's amateur championships. Representing Yorkshire clubs, she competed in national events before moving into professional boxing. Her progression reflects the route from amateur competition to the professional sport, with training and experience in the amateur ring providing the foundation for the next stage of her boxing career.",59,https://boxingnewsonline.net/news/debutant-samantha-lightfoot-is-her-own-worst-critic/ | https://www.englandboxing.org/wp-content/uploads/2024/09/2023-2024-Annual-Report.pdf,
Samantha Bumford,/mugshots/samantha-bumford,Very short biography,19,Very short biography (under 25 words); add career highlights. Undated current-role/time-sensitive wording: verify it is still accurate.,"Samantha Bumford, from Poole and the current Miss Poole and Miss Dorset 2017. Graduated from the University of Portsmouth","Samantha Bumford is a British pageant titleholder from Poole who was crowned Miss Dorset in 2017. At the time of her win, she supported the Dorset assistance-dog charity Woofability and helped train a puppy called Binxy. Her public appearances also included Bournemouth's Metropole Market celebrations, linking her pageant role with community events and local charitable activity.",56,https://dorsetview.co.uk/fairness-glamour-samantha-poole-crowned-miss-dorset-2017/,
Sandra Marvin,/mugshots/sandra-marvin-actress,Very short biography,24,Very short biography (under 25 words); add career highlights.,Sandra Marvin (born 6th December) is an English actor who played Jessie Grant between 2017 and 2019. She has also appeared in Citizen Khan.,"Sandra Marvin is a British actress and singer whose television work includes Jessie Grant in Emmerdale and appearances in Call the Midwife. Her musical-theatre roles include Deloris in Sister Act, Queenie in Show Boat and Motormouth Maybelle in Hairspray. She has also played Becky in Waitress, combining screen acting with leading roles in West End and touring productions.",58,https://cam.co.uk/talent/sandra-marvin/,
Sara Davies,/mugshots/sara-davies-dragon,Short biography,32,Short biography (25–39 words); consider more career detail.,"Sara Davies MBE is a British businesswoman, entrepreneur, and television personality. She is the founder and owner of Crafter's Companion, a company she started while a student at the University of York.","Sara Davies is a British entrepreneur and television personality who founded Crafter's Companion while studying at the University of York. She became known to a wider audience as an investor on Dragons' Den and has also appeared on Strictly Come Dancing. Her career combines business with broadcasting and writing, drawing on the craft company she established as a student.",59,https://sara-davies.com/about/,
Sasha Parkinson,/mugshots/sasha-parkinson-actress,Very short biography,21,Very short biography (under 25 words); add career highlights.,"Sacha Louise Parkinson is an English actress, known for her role as Sian Powers on the ITV soap opera Coronation Street.","Sacha Parkinson is a British actress best known for playing Sian Powers in Coronation Street. Her screen work also includes The Mill, The Driver, Mr Selfridge and Safe House. She began acting as a child and has appeared in films including Awaydays and A Boy Called Dad, developing a career across television drama, soap opera and independent cinema.",58,https://en.wikipedia.org/wiki/Sacha_Parkinson,Name rendered as Sacha Parkinson in the replacement. Original record name and page path retained for import matching.
Scott Robinson,/mugshots/scott-robinson-singer,Very short biography,17,Very short biography (under 25 words); add career highlights.,Scott Robinson is an English singer best known for being a member of the boy band Five.,"Scott Robinson is a British singer and radio presenter best known as a member of Five. The group's songs include Keep On Movin' and Everybody Get Up, combining pop vocals with the sound that established them in the late 1990s. His performing career is closely associated with the band's recordings and live appearances, alongside work in broadcasting.",57,https://en.wikipedia.org/wiki/Scott_Robinson_%28singer%29,
Seann Walsh,/mugshots/seann-walsh-comedian,Very short biography,13,Very short biography (under 25 words); add career highlights.,"Sean Walsh, known professionally as Seann Walsh, is an English comedian and actor.","Seann Walsh is a British stand-up comedian and actor whose work includes live comedy, touring performances and television entertainment. His screen projects include Seann Walsh World and Seann Walsh's Late Night Comedy Spectacular. His performances draw on observations about everyday life, combining the storytelling of his stand-up shows with appearances in television comedy and other entertainment formats.",57,https://en.wikipedia.org/wiki/Seann_Walsh,
Shane Richie,/mugshots/shane-richie-actor-singer,Very short biography,17,Very short biography (under 25 words); add career highlights.,"Shane Patrick Paul Roche, known as Shane Richie, is a British actor, comedian, television presenter and singer.","Shane Richie is a British actor, comedian and presenter best known for playing Alfie Moon in EastEnders. His acting work includes the spin-off drama Redwater and a voice role in the animated film Flushed Away. He has also performed in musical theatre, including Everybody's Talking About Jamie, combining his television profile with stage entertainment and live performance.",57,https://en.wikipedia.org/wiki/Shane_Richie,
Shaun Williamson,/mugshots/shaun-williamson-barry-eastenders-actor,Short biography,34,Short biography (25–39 words); consider more career detail.,"Shaun Williamson is an English actor, singer, media personality, and occasional presenter, best known for his role as Barry Evans in EastEnders and as a satirical version of himself in the BBC/HBO sitcom Extras.","Shaun Williamson is a British actor and singer best known for playing Barry Evans in EastEnders. He later appeared in Extras as a comic version of himself, often referred to as Barry from EastEnders. His other screen work includes Scoop and The Invention of Lying, with a career that combines soap drama, comedy and performance beyond the original character.",59,https://en.wikipedia.org/wiki/Shaun_Williamson,
Shelley King,/mugshots/shelley-king-actress,Short biography,29,Short biography (25–39 words); consider more career detail.,"Shelley King is a British-Indian actress, known for her roles as Jay Harper on the BBC drama series Angels and Yasmeen Nazir on the ITV soap opera Coronation Street.","Shelley King is a British actress known for playing Yasmeen Nazir in Coronation Street and Jay Harper in the BBC drama Angels. Her career includes screen and theatre work, with television appearances ranging from soap opera to drama. Her portrayal of Yasmeen introduced her to a large ITV audience, adding to the earlier roles that established her acting career.",59,https://en.wikipedia.org/wiki/Shelley_King,
Simon Rimmer,/mugshots/simon-rimmer-presenter-chef,Very short biography,18,Very short biography (under 25 words); add career highlights.,"Simon Peter Rimmer is an English cook and restaurateur, best known for his on-screen partnership with Tim Lovejoy.","Simon Rimmer is a British chef, restaurateur and television presenter known for his on-screen partnership with Tim Lovejoy. The pair have presented Sunday Brunch on Channel 4 and previously worked together on Something for the Weekend. Rimmer's wider television credits include food and cookery programmes, drawing on his restaurant experience while combining recipes with interviews and entertainment.",57,https://www.hachette.co.uk/contributor/simon-rimmer/,
Sir Michael Palin,/mugshots/sir-michael-palin,Short biography,32,Short biography (25–39 words); consider more career detail.,"Sir Michael Palin is a beloved British icon, famed as a member of Monty Python and for his globe-trotting travel documentaries. His charm, wit, and curiosity have made him a national treasure.","Sir Michael Palin is a British comedian, actor, writer and travel presenter who first became widely known as a member of Monty Python. His film work includes A Fish Called Wanda, while his travel series include Around the World in 80 Days, Pole to Pole and Himalaya. His career connects comedy and storytelling with documentaries exploring places and people across the world.",62,https://www.themichaelpalin.com/about/biography/,
Soraya Vivian,/mugshots/soraya-vivian-singer,Very short biography,16,"Very short biography (under 25 words); add career highlights. broken/truncated text: ""´Fierce Dance Diva´, Brand Ambassador & B""","Soraya Vivian Is An Eminent English Singer & Songwriter, ´Fierce Dance Diva´, Brand Ambassador & B","Soraya Vivian is a British singer and songwriter whose career includes dance music, club performances and Pride events. Her vocals have featured in recordings and live appearances associated with the dance scene. In 2023, she sang the Ukrainian Pride anthem Colours of Love. Her work also includes LGBTQ+ advocacy, connecting her performances with community events and celebrations.",57,https://sorayavivian.com/about/,
Steff Todd,/mugshots/steff-todd-comedian,Very short biography,24,Very short biography (under 25 words); add career highlights.,"An award winning new comedian from Yorkshire who has made a name for herself with hilarious impressions, an impeccable wit and razor sharp one-liners.","Steff Todd is a British comedian, actress and impressionist known for her online Yorkshire Kardashians sketches. Her television credits include The Stand Up Sketch Show and the BBC sitcom Scarborough, in which she played Jess. Her work moves between live stand-up, character comedy and social-media performances, using impressions to bring familiar personalities into a distinctly Yorkshire setting.",57,https://en.wikipedia.org/wiki/Better_Questions,
Steph McGovern,/mugshots/steph-mcgovern,Short biography,30,Short biography (25–39 words); consider more career detail.,Stephanie Rose McGovern is an English journalist and television presenter. She works for the BBC and is the main business presenter for BBC Breakfast. She sometimes co-hosts the entire programme.,Steph McGovern is a British journalist and television presenter known for her business reporting on BBC Breakfast and for hosting Channel 4's Steph's Packed Lunch from 2020 to 2023. Her broadcasting career also includes consumer and entertainment programmes such as Shop Well for Less? and Watchdog. Her work combines reporting with studio presenting and discussion across a range of subjects.,60,https://en.wikipedia.org/wiki/Steph_McGovern,
Stephanie Hirst,/mugshots/stephanie-hirst-radio-presenter,Short biography,31,Short biography (25–39 words); consider more career detail.,Stephanie Hirst is an English radio presenter who started working for BBC Radio Leeds in 2018. She has hosted Hit40UK and the weekday breakfast show on Capital Yorkshire Hirsty's Daily Dose.,"Stephanie Hirst is a British broadcaster and DJ known for presenting Hirsty's Daily Dose on Capital Yorkshire and the national chart show Hit40UK. Her radio career also includes BBC Radio Leeds, Hits Radio and Greatest Hits Radio. Away from broadcasting, she works as a public speaker, drawing on her career and personal experiences in her Believe Achieve talks.",58,https://www.stephaniehirst.co.uk/,
Stephen Hendry,/mugshots/stephen-hendry-snooker-player,Very short biography,19,Very short biography (under 25 words); add career highlights. Undated current-role/time-sensitive wording: verify it is still accurate.,Stephen Gordon Hendry MBE is a Scottish former professional snooker player and current commentator for the BBC and ITV.,"Stephen Hendry is a Scottish former professional snooker player who won seven World Championship titles. His first came in 1990, when he became the youngest world champion, and he was a dominant figure in the sport during the 1990s. His later work includes broadcasting and Stephen Hendry's Cue Tips, sharing playing advice, interviews and reflections on his career.",58,https://en.wikipedia.org/wiki/Stephen_Hendry,
Steve Davis,/mugshots/steve-davis-snoker-player,Short biography,32,"Short biography (25–39 words); consider more career detail. Biography ends at ""dominating snooker"" without explaining the achievement; expand career detail.","Steve Davis, OBE is an English retired professional snooker player from Plumstead, London. His professional playing career spanned 38 seasons from 1978 until 2016, but he is best known for dominating snooker","Steve Davis is an English former professional snooker player who won six World Championship titles during the 1980s. His career also included multiple UK Championship and Masters victories before his retirement in 2016. Beyond the table, he has worked as a commentator, author and musician, combining his experience in snooker with interests in broadcasting and electronic music.",57,https://en.wikipedia.org/wiki/Steve_Davis,
Steve Lamacq,/mugshots/steve-lamacq-radio-dj,Very short biography,24,Very short biography (under 25 words); add career highlights. Undated current-role/time-sensitive wording: verify it is still accurate.,"Stephen Lamacq, sometimes known by his nickname Lammo, is an English disc jockey, currently working with the BBC radio station BBC Radio 6 Music.","Steve Lamacq is a British radio presenter and music journalist known for championing new bands and alternative music. His broadcasting career includes BBC Radio 1 and BBC Radio 6 Music, where he developed a long association with music programming. His work connects interviews, records and live sessions, introducing listeners to emerging performers as well as established artists.",57,https://www.northmediatalent.com/talent/steve-lamacq/,
Steve Royle,/mugshots/steve-royal-comedian,Very short biography,21,Very short biography (under 25 words); add career highlights.,"BGT2020 Third place & That juggler in Phoenix Nights Live at Manchester Arena! Comedian, Radio Presenter, Actor, Panto performer and Dad!","Steve Royle is a British comedian, actor and juggler who reached the final of Britain's Got Talent in 2020. His work combines physical comedy, juggling and stand-up, alongside radio presenting and pantomime appearances. He also performed in Phoenix Nights Live at Manchester Arena, bringing his variety-show skills to a large live audience as well as television viewers.",57,https://www.gordonpoole.com/talent/steve-royle/,
Stu Francis,/mugshots/stu-francis-personality,Short biography,34,Short biography (25–39 words); consider more career detail.,Stuart G. G. Stu Francis is a British comedian with a camp style of delivery who achieved celebrity as lead presenter on the childrens television programme Crackerjack. His principal co host was Basil Brush.,"Stu Francis is a British comedian and entertainer best known for presenting the children's television programme Crackerjack in the early 1980s. His catchphrases include 'Ooh, I could crush a grape!', which also became the title of a later television show. His career developed through holiday-camp entertainment, live comedy and theatre, before bringing his distinctive variety style to television.",58,https://en.wikipedia.org/wiki/Stu_Francis,
Stuart Maconie,/mugshots/stuart-maconie-radio-presenter,Very short biography,24,Very short biography (under 25 words); add career highlights.,"Stuart Maconie is an English radio DJ and television presenter, writer, journalist, and critic working in the field of pop music and popular culture.","Stuart Maconie is a British broadcaster, author and music journalist known for his partnership with Mark Radcliffe and for The Freak Zone on BBC Radio 6 Music. His books include Cider with Roadies and Pies and Prejudice, exploring music, culture and life in Britain. His career combines radio presenting with writing, bringing commentary and storytelling to both listeners and readers.",60,https://en.wikipedia.org/wiki/Stuart_Maconie,
Sydnie Christmas,/mugshots/sydnie-christmas-bgt-winner,Short biography,35,Short biography (25–39 words); consider more career detail.,"Britain’s Got Talent 2024 winner Sydnie Christmas wowed the nation with powerhouse vocals and West End dreams. Her Santa Radio MugShot 🎅🎶 is as dazzling as her performances, adding a festive flourish to our collection.","Sydnie Christmas is a British singer who won Britain's Got Talent in 2024. She was working in a gym when she auditioned for the programme, which introduced her singing to a national audience. Her journey from the audition stage to winning the seventeenth series made her one of the show's recognisable performers, with musical theatre among her ambitions.",58,https://www.itv.com/britainsgottalent/articles/winners-story-a-star-is-born-look-back-at-sydnie-christmas-musical-journey,
Tasha Ghouri,/mugshots/tasha-ghouri-tv-personality,Short biography,33,Short biography (25–39 words); consider more career detail.,"Love Island’s Tasha Ghouri brought glam, sass, and awareness to deaf representation on national TV. She’s joined the Santa Radio MugShot crew – and yes, she’s slaying festive vibes like it’s Casa Amor!","Tasha Ghouri is a British dancer, model and television personality who became known through Love Island in 2022. She later competed on Strictly Come Dancing in 2024, reaching the final with Aljaž Škorjanec. Her public work also includes raising awareness of deaf representation, bringing her experience to discussions alongside her appearances in reality television and dance entertainment.",57,https://en.wikipedia.org/wiki/Tasha_Ghouri,
Terry Griffiths,/mugshots/terry-giffiths-snooker-player,Short biography,32,Short biography (25–39 words); consider more career detail. Undated current-role/time-sensitive wording: verify it is still accurate.,"Terrence ""Terry"" Griffiths, OBE is a retired Welsh snooker player and current snooker coach and pundit. He won the World Championship in 1979 at the first attempt, and reached the 1988 final.","Terry Griffiths was a Welsh snooker player, coach and commentator who won the World Championship in 1979 after coming through qualifying. He reached the final again in 1988 and later became known for coaching and broadcasting. His career connected tournament success with helping other players develop their games. He died in 2024, leaving a long association with international snooker.",59,https://en.wikipedia.org/wiki/Terry_Griffiths,Written in past tense; date of death included.
Terry Waite,/mugshots/terry-waite-journalist-writer,Short biography,30,Short biography (25–39 words); consider more career detail.,"Terence Hardy ""Terry"" Waite CBE is an English humanitarian and author. Waite was the Assistant for Anglican Communion Affairs for the then Archbishop of Canterbury, Robert Runcie, in the 1980s.","Terry Waite is a British humanitarian, author and former envoy for the Archbishop of Canterbury. His work included negotiating for hostages overseas before he was himself held captive in Lebanon from 1987 to 1991. He wrote about his experiences in Taken on Trust and has continued working through writing, speaking and charitable activity, including support for organisations helping families and communities.",61,https://en.wikipedia.org/wiki/Terry_Waite,
Tilly Ramsey,/mugshots/tilly-ramsey-tv-personality,Short biography,31,Short biography (25–39 words); consider more career detail.,"Matilda Elizabeth Ramsay is an English television presenter, chef and social media influencer best known for presenting the BBC cooking show Matilda and the Ramsay Bunch on CBBC alongside her family.","Tilly Ramsay is a British cook and television presenter best known for the CBBC series Matilda and the Ramsay Bunch. The programme featured cooking alongside her family's activities, introducing her to younger viewers. Her screen work also includes MasterChef Junior and Gordon Ramsay: Uncharted Showdown, developing a broadcasting career around food, practical cooking and family entertainment.",56,https://en.wikipedia.org/wiki/Tilly_Ramsay,Name rendered as Tilly Ramsay in the replacement. Original record name and page path retained for import matching.
Tim Healy,/mugshots/tim-healy-actor,Short biography,34,Short biography (25–39 words); consider more career detail.,"Timothy Malcolm Healy is an English actor, best known for playing Dennis Patterson in the television series Auf Wiedersehen, Pet, Les/Lesley in the ITV comedy series Benidorm and Gastric in Still Open All Hours.","Tim Healy is a British actor best known for playing Dennis Patterson in Auf Wiedersehen, Pet. His television roles also include Les in Benidorm and Gastric in Still Open All Hours. His career has combined comedy and drama, with those contrasting characters bringing him to different generations of viewers across several long-running and widely recognised British television programmes.",58,https://en.wikipedia.org/wiki/Tim_Healy_%28actor%29,
Tim Peake,/mugshots/tim-peake-astronaut,Short biography,25,Short biography (25–39 words); consider more career detail.,"Major Timothy Nigel “Tim” Peake CMG is a British Army Air Corps officer, European Space Agency astronaut and a former International Space Station crew member.","Tim Peake is a British astronaut and former Army Air Corps officer who travelled to the International Space Station on the European Space Agency's Principia mission. His spaceflight began in December 2015 and included a spacewalk during his stay in orbit. Before becoming an astronaut, he worked as a military pilot and test pilot, bringing aviation experience to his space career.",61,https://www.esa.int/Science_Exploration/Human_and_Robotic_Exploration/Astronauts/Timothy_Tim_Peake,
Tracy Brabin,/mugshots/tracy-brabin-mp-actress,Short biography,35,Short biography (25–39 words); consider more career detail.,Tracy Lynn Brabin is a British Labour and Co-operative politician serving as the first Mayor of West Yorkshire since May 2021. She was the Member of Parliament for Batley and Spen from 2016 to 2021.,"Tracy Brabin is a British politician and former actress who was elected the first Mayor of West Yorkshire in 2021. She previously served as MP for Batley and Spen from 2016 to 2021. Her earlier career included film and television acting, with screen credits such as Riff-Raff and Love + Hate, connecting her public life in politics with experience in the creative industries.",63,https://en.wikipedia.org/wiki/Tracy_Brabin,
UEFA Trophy,/mugshots/uefa-trophy,Identity / non-celebrity review,29,"Short biography (25–39 words); consider more career detail. Confirm identity/type first: ambiguous label, fictional character, mascot, object or waxwork.","The UEFA Europa League, formerly the UEFA Cup, is an annual football club competition organised since 1971 by the Union of European Football Associations for eligible European football clubs.","The UEFA Europa League trophy is the silverware awarded to the winners of the European club competition formerly known as the UEFA Cup. First lifted in 1972, it was crafted by the Bertoni workshop in Milan and stands on a marble base. The original remains with UEFA, while winning clubs receive a full-size replica to keep.",56,https://www.uefa.com/news-media/news/0275-1529f31363b4-20ce85c5f891-1000--europa-league-five-decades-of-glory/,REVIEW: Supplied biography identifies the Europa League trophy. Confirm that the pictured trophy is the Europa League trophy before importing this replacement.
Viper,/mugshots/viper-gladiator,Short biography,31,Short biography (25–39 words); consider more career detail.,"Viper, the fearsome Gladiator from the BBC reboot, trades arena intensity for festive cheer in this Santa Radio MugShot 🎅💪. Proof that even the toughest heroes enjoy a cuppa with Santa!","Viper is the Gladiators persona of actor and fitness model Quang Luong. Appearing in the BBC revival of the physical competition series, the character is presented as an intense opponent who lets his athletic performance do the talking. Luong's work combines television entertainment with fitness and acting, making Viper one of the recognisable figures in the programme's line-up.",58,https://www.gladiatorstv.com/gladiators-uk/bbc/viper/,
Vogue Williams,/mugshots/vogue-williams-model,Short biography,31,Short biography (25–39 words); consider more career detail.,"Vogue Williams is an Irish model and media personality, known for participating in Dancing with the Stars and Stepping Out and for winning the 2015 series of Bear Grylls: Mission Survive.","Vogue Williams is an Irish presenter, model and media personality whose television career includes winning Bear Grylls: Mission Survive in 2015. She is also known for co-hosting the podcast My Therapist Ghosted Me with comedian Joanne McNally. Her work spans television, audio and live events, bringing her presenting experience into conversations, entertainment programmes and podcast performances.",56,https://en.wikipedia.org/wiki/Vogue_Williams | https://www.mytherapistghostedme.com/,
Wendi Peters,/mugshots/wendi-peters-actress,Short biography,34,Short biography (25–39 words); consider more career detail.,"Wendi Louise Peters is an English actress. Peters began her acting career in theatre, with appearances in various productions including The Scarlet Pimpernel, Guys and Dolls, Into the Woods, Bedroom Farce and Noises Off.","Wendi Peters is a British actress best known for playing Cilla Battersby-Brown in Coronation Street. Her television career also includes Nina Bulsara in Doctors and appearances in Bad Girls. Alongside screen work, she has performed in theatre productions including Guys and Dolls and Into the Woods, building an acting career that combines television characters with stage performance.",57,https://en.wikipedia.org/wiki/Wendi_Peters,
Willie Thorne,/mugshots/willie-thorne-snooker-player,Short biography,26,Short biography (25–39 words); consider more career detail. Undated current-role/time-sensitive wording: verify it is still accurate.,"William Joseph ""Willie"" Thorne is an English former professional snooker player who is now a sports commentator. He is most famous for winning the 1985 Classic.",Willie Thorne was an English snooker player and commentator whose career included winning the 1985 Classic. He became familiar to audiences through tournament play and television broadcasting during the sport's rise in popularity. He also ran a snooker centre in Leicester. His broadcasting work introduced his knowledge of the game to viewers long after his tournament breakthrough. He died in 2020.,61,https://seniorsnooker.com/players-profiles/willie-thorne/,Written in past tense; date of death included.
Wim Snape,/mugshots/wim-snape-actor,Short biography,29,Short biography (25–39 words); consider more career detail.,"Wim Snape was born on 17 April 1985 in Sheffield, Yorkshire, England, UK. He is an actor, known for The Full Monty (1997), Coronation Street (1960) and Genesis (2018).","Wim Snape is a British actor from Sheffield best known for playing Nathan in the 1997 film The Full Monty. Credited in that film as William Snape, he returned to the role in the 2023 television continuation. His other screen work includes Coronation Street and The Beaker Girls, linking his early film performance with later television acting.",57,https://www.imdb.com/name/nm0810890/,
Wynne Evans,/mugshots/wynne-evans-radio-presenter,Short biography,31,Short biography (25–39 words); consider more career detail.,"Opera singer and BBC Radio Wales host Wynne Evans (aka Mr. GoCompare 🎶) belts out festive cheer with his Santa Radio MugShot 🎅☕. The voice, the mug, the moment – iconic.","Wynne Evans is a Welsh opera singer, broadcaster and actor known for portraying Gio Compario in Go.Compare's television adverts. His recording work includes the album A Song in My Heart. He also won Celebrity MasterChef in 2023, bringing his profile beyond music into television competition. His career connects operatic performance with broadcasting and widely recognised advertising work.",57,https://en.wikipedia.org/wiki/Wynne_Evans | https://masterchef.com/blogs/masterchef-pantry/masterchef-uk-news-celebrity-masterchef-uk-winner-2023,
